Text ID,Comment,Max char limit,Asian char limit,English,Japanese,Korean,TChinese,French,German,Spanish Spain,Spanish LatAm,Portuguese,Italian,Turkish,Arabic,Thai,Swedish,Polish,French limit,German limit,sp-ES limit,sp-M9 limit,pt-BR limit,it limit,tur limit,ara limit,thai limit,swe limit,pol limit,jp limit,kor limit,cht limit,
,,,,,,,,,,,,,,,,,,,,,,,,,,,,,,,,,
pause header,header text for pause menu,10,6,Paused,ポーズ,일시 정지,暫停,En pause,Pausiert,En pausa,Pausa,Pausado,In pausa,Duraklatıldı,توقف مؤقت,หยุด​ชั่วคราว,Pausat,Pauza,10,10,10,10,10,10,10,10,10,10,10,6,6,6,
pause resume,a button for resuming game,10,6,Resume,再開,계속,返回遊戲,Reprendre,Fortfahren,Reanudar,Continuar,Retomar,Riprendi,Devam et,مواصلة,เล่น​ต่อ,Fortsätt,Wznów grę,10,10,10,10,10,10,10,10,10,10,10,6,6,6,
pause settings,a button for opening settings menu,10,6,Settings,オプション,설정,設定,Paramètres,Einstellungen,Ajustes,Ajustes,Config.,Opzioni,Ayarlar,الإعدادات,การ​ตั้ง​ค่า,Inställningar,Ustawienia,10,10,10,10,10,10,10,10,10,10,10,6,6,6,
pause return to lobby,a button for returning to lobby room from main game,10,6,Return to Lobby,ロビーに戻る,로비로 돌아가기,返回大廳,Retour salon,Zurück zur Lobby,Volver al lobby,Ir al lobby,Lobby,Alla lobby,Lobiye Dön,إلى الردهة,กลับ​ไป​ที่​ล็อบบี้,Återvänd till lobbyn,Powrót do menu,10,10,10,10,10,10,10,10,10,10,10,6,6,6,
pause end run,a button to end current run by dying and going into the result screen (can be 'end run' instead of 'give up'),10,6,Give up,あきらめる,포기,結束本回合,Abandonner,Aufgeben,Abandonar,Rendirse,Desistir,Arrenditi,Pes et,الاستسلام,ยอม​แพ้,Ge upp,Poddaj się,10,10,10,10,10,10,10,10,10,10,10,6,6,6,
pause quit game,a button for quitting and closing the game app,10,6,Quit game,ゲーム終了,게임 종료,離開遊戲,Quitter,Beenden,Salir del juego,Salir,Sair,Abbandona,Çıkış,إغلاق اللعبة,ออก​จาก​เกม,Avsluta spelet,Wyjdź z gry,10,10,10,10,10,10,10,10,10,10,10,6,6,6,
pause trophy,a button for opening medals menu (previously called trophy),10,6,Medals,メダル,메달,獎牌,Médailles,Medaillen,Medallas,Medallas,Medalhas,Medaglie,Madalyalar,الميداليات,เหรียญ,Medaljer,Medale,10,10,10,10,10,10,10,10,10,10,10,6,6,6,
,,,,,,,,,,,,,,,,,,,,,,,,,,,,,,,,,
settings header,header text for settings menu,12,8,Settings,オプション,설정,設定,Paramètres,Einstellungen,Ajustes,Ajustes,Config.,Opzioni,Ayarlar,الإعدادات,การ​ตั้ง​ค่า,Inställningar,Ustawienia,12,12,12,12,12,12,12,12,12,12,12,8,8,8,
settings language,settings element for changing language,12,8,Language,言語,언어,語言,Langue,Sprache,Idioma,Idioma,Idioma,Lingua,Dil,اللغة,ภาษา,Språk,Język,12,12,12,12,12,12,12,12,12,12,12,8,8,8,
settings music,settings element for toggling music,12,8,Music,音楽,음악,音樂,Musique,Musik,Música,Música,Música,Musica,Müzik,الموسيقى,ดนตรี,Musik,Muzyka,12,12,12,12,12,12,12,12,12,12,12,8,8,8,
settings sound,settings element for toggling sound,12,8,Sound,効果音,사운드,音效,Son,Soundeffekte,Sonido,Sonido,Som,Audio,Ses,الصوت,เสียง,Ljud,Dźwięk,12,12,12,12,12,12,12,12,12,12,12,8,8,8,
settings timescale,accessibility settings slider element for slowing down game speed,12,8,Game Speed,ゲーム速度,게임 속도,遊戲速度,Vitesse du jeu,Spielgeschwindigkeit,Velocidad del juego,Vel. juego,Velocidade do jogo,Velocità di gioco,Oyun Hızı,سرعة اللعبة,ความเร็ว​ของ​เกม,Spelhastighet,Szybkość gry,,,,,,,,,,,,,,,
settings haptics,settings element for toggling haptics on mobile,12,8,Haptics,振動,햅틱,震動回饋,Haptique,Haptik,Respuesta háptica,Háptica,Resp. tátil,Tattilità,Haptik,الاهتزاز,ระบบ​สัมผัส,Haptik,Haptyka,12,12,12,12,12,12,12,12,12,12,12,8,8,8,
settings invert swipe,settings element for toggling inverted swipe direction controls,16,12,Inverted Swipe,スワイプ方向反転,반전된 스와이프,反轉滑動方向,Balayage inversé,Umgekehrtes Wischen,Deslizamiento invertido,Desliz. invert.,Deslizamento invertido,Scorrimento invertito,Ters Kaydırma,التمرير المعكوس,สลับ​ทิศ​การ​ปัด,Omvänd svepriktning,Odwrócone przesuwanie,,,,,,,,,,,,,,,
settings credits,starts credits (staff roll),,,Credits,クレジット,크레딧,製作團隊,Crédits,Credits,Créditos,Créditos,Créditos,Riconoscimenti,Jenerik,أسماء الطاقم,เครดิต,Medverkande,Napisy końcowe,,,,,,,,,,,,,,,
settings screenshake,settings element for toggling screenshake,12,8,Screenshake,画面揺れ,화면 흔들림,螢幕震動,Tremb. écran,Bildschirmrütteln,Vibración de pantalla,Temblor,Tela: tremor,Scuotimento,Ekran Sarsma,اهتزاز الشاشة,หน้า​จอ​สั่น,Skärmskakning,Drgania ekranu,12,12,12,12,12,12,12,12,12,12,12,8,8,8,
settings fullscreen,settings element for toggling fullscreen,12,8,Fullscreen,フルスクリーン,전체 화면,全螢幕模式,Plein écran,Vollbild,Pantalla completa,Pant. comp.,Tela cheia,Schermo intero,Tam Ekran,شاشة كاملة,เต็ม​หน้า​จอ,Helskärm,Tryb pełnoekranowy,12,12,12,12,12,12,12,12,12,12,12,8,8,8,
settings widemode,settings element for toggling wide mode,12,8,Wide mode,ワイドモード,와이드 모드,寬螢幕模式,Mode large,Breitbild,Panorámico,Modo amplio,Modo amplo,Panoramico,Geniş mod,الوضع العريض,โหมด​กว้าง,Bred bild,Tryb szerokoekranowy,12,12,12,12,12,12,12,12,12,12,12,8,8,8,
settings return,button to return to pause menu,12,8,Return,戻る,돌아가기,返回,Retour,Zurück,Volver,Regresar,Retornar,Indietro,Geri dön,العودة,ย้อน​กลับ,Återvänd,Powrót,12,12,12,12,12,12,12,12,12,12,12,8,8,8,
settings confirm text,dialogue asking to confirm if it's ok to restart game following the toggling of certain setting,64,32,This will restart the game!\nAre you sure?,この操作はゲームを再起動します！\nよろしいですか？,이러면 게임이 다시 시작됩니다!\n그렇게 하시겠어요?,變更後將重啟遊戲！\n是否確定？,Le jeu redémarrera !\nVoulez-vous continuer ?,Dadurch wird das Spiel neu gestartet! Fortfahren?,¡La partida se reiniciará!\n¿Seguro que quieres continuar?,¡Reiniciarás el juego!\n¿En serio quieres reiniciar?,Esta ação reiniciará o jogo!\nTem certeza?,Il gioco verrà riavviato!\nVuoi continuare?,Bu oyunu yeniden başlatacak!\nEmin misin?,سيعيد هذا إعادة تشغيل اللعبة!\nهل أنت متأكد؟,ตัว​เลือก​นี้​จะ​รี​สตาร์ท​เกม!​\nแน่ใจ​หรือ​ไม่?,Det här startar om spelet!\nÄr du säker?,To spowoduje restart gry!\nNa pewno chcesz kontynuować?,64,64,64,64,64,64,64,64,64,64,64,32,32,32,
settings accept,button for accepting [settings confirm text],12,8,Accept,はい,확인,確定,Accepter,Bestätigen,Aceptar,Aceptar,Aceitar,Accetta,Kabul et,الموافقة,ยอมรับ,Godkänn,Akceptuj,12,12,12,12,12,12,12,12,12,12,12,8,8,8,
,,,,,,,,,,,,,,,,,,,,,,,,,,,,,,,,,
service text GC,header text for leaderboard sign in screen on iOS,64,32,Please sign in to Game Center to continue,続けるにはGame Centerにサインインしてください,계속하려면 Game Center에 로그인하세요,請先登入Game Center,Veuillez vous connecter au Game Center pour continuer,Melde dich zum Fortfahren bitte beim Game Center an.,Inicia sesión en Game Center para continuar,Inicia sesión en Game Center para continuar,Acesse o Game Center para continuar,Accedi a Game Center per continuare,Lütfen devam etmek için Game Center'a giriş yap,يُرجى تسجيل الدخول إلى Game Center للاستمرار,โปรด​ลงชื่อ​เข้า​ใช้​ Game​ Center​ เพื่อ​ดำเนิน​การ​ต่อ,Logga in på Game Center för att fortsätta,"Zaloguj się do usługi Game Center, aby kontynuować",64,64,64,64,64,64,64,64,64,64,64,32,32,32,
service text GPS,header text for leaderboard sign in screen on Android,64,32,Please sign in to Google Play Games to continue,続けるにはGoogle Play Gamesにサインインしてください,계속하려면 Google Play 게임에 로그인하세요,請先登入Google Play遊戲,Veuillez vous connecter à Google Play Jeux pour continuer,Melde dich zum Fortfahren bitte bei Google Play Games an.,Inicia sesión en Google Play Games para continuar,Inicia sesión en Google Play Games para continuar,Acesse o Google Play Games para continuar,Accedi a Google Play Giochi per continuare,Lütfen devam etmek için Google Play Games'e giriş yap,يُرجى تسجيل الدخول إلى Google Play Games للاستمرار,โปรด​ลงชื่อ​เข้า​ใช้​ Google​ Play​ Games​ เพื่อ​ดำเนิน​การ​ต่อ,Logga in på Google Play Games för att fortsätta,"Zaloguj się do usługi Google Play Games, aby kontynuować",64,64,64,64,64,64,64,64,64,64,64,32,32,32,
service text retry,"message displayed to the player when they fail to sign in to one of the above services, due to an error or them cancelling the process",64,32,Sign in was unsuccessful. Please try again.,サインインできませんでした,로그인 실패. 다시 시도해 보세요.,登入失敗，請再試一次。,"Échec de la connexion, veuillez réessayer.","Anmeldung fehlgeschlagen, bitte versuche es erneut.",No se ha podido iniciar sesión. Inténtalo de nuevo.,Se produjo un error al iniciar sesión; inténtalo de nuevo.,Falha ao acessar. Tente novamente.,Accesso non riuscito. Riprova.,Giriş başarısız oldu. Lütfen tekrar dene.,فشل تسجيل الدخول. يُرجى المحاولة مجددًا.,ลงชื่อ​เข้า​ใช้​ไม่​สำเร็จ​ โปรด​ลอง​อีก​ครั้ง,Kunde inte logga in. Försök igen.,Logowanie się nie powiodło. Spróbuj ponownie.,64,64,64,64,64,64,64,64,64,64,64,32,32,32,
service sign in button,button the starts the sign in process,16,8,Sign In,サインイン,로그인,登入,Se connecter,Anmelden,Iniciar sesión,Iniciar sesión,Acessar,Accedi,Giriş Yap,تسجيل الدخول,ลงชื่อ​เข้า​ใช้,Logga in,Zaloguj się,16,16,16,16,16,16,16,16,16,16,16,8,8,8,
service back button,button that exists the sign-in confirmation screen and returns to the pause menu,12,8,Back,戻る,뒤로,返回,Retour,Zurück,Atrás,Atrás,Voltar,Indietro,Geri,العودة,กลับ,Tillbaka,Cofnij,12,12,12,12,12,12,12,12,12,12,12,8,8,8,
service retry button,button that re-tries signing in. this is only shown after the player tries and fails to sign in once before,12,8,Retry,再試行,다시 시도,重試,Réessayer,Erneut,Reintentar,Reintentar,Repetir,Riprova,Tekrar dene,أعد المحاولة,ลอง​ใหม่,Försök igen,Spróbuj ponownie,12,12,12,12,12,12,12,12,12,12,12,8,8,8,
,,,,,,,,,,,,,,,,,,,,,,,,,,,,,,,,,
leaderboards title,title across the top of the leaderboards screen,16,8,Leaderboards,ランキング,순위표,排行榜,Classement,Rangliste,Clasificación,Marcadores,Placares,Classifiche,Liderlik panosu,لوحة المتصدرين,กระดาน​คะแนน,Topplista,Tablice wyników,16,16,16,16,16,16,16,16,16,16,16,8,8,8,
leaderboards highest,text for a button indicating that the leaderboard shows the single highest score for players,16,8,Score,ハイスコア,점수,最高得分,Score,Punktestand,Puntuación,Puntuación,Pontuação,Punteggio,Puan,النتيجة,คะแนน,Poäng,Wynik,16,16,16,16,16,16,16,16,16,16,16,8,8,8,
leaderboards average,text for a button indicating that the leaderboard shows the highest average score for players,16,8,Average,最高平均値,평균,平均得分,Moyenne,Durchschnitt,Promedio,Promedio,Média,Medio,Ortalama,المتوسط,เฉลี่ย,Snitt,Średnia,16,16,16,16,16,16,16,16,16,16,16,8,8,8,
leaderboards global,text for a button indicating that the leaderboard shows global scores,16,8,Global,グローバル,전체,全球得分,Mondial,Weltweit,Global,Global,Global,Globale,Küresel,عالمية,ทั่ว​โลก,Global,Globalnie,16,16,16,16,16,16,16,16,16,16,16,8,8,8,
leaderboards friends,text for a button indicating that the leaderboard shows scores only for the player’s friends,16,8,Friends,フレンド,친구,好友得分,Amis,Freunde,Amigos,Amigos,Amigos,Amici,Arkadaşlar,الأصدقاء,เพื่อน,Vänner,Znajomi,16,16,16,16,16,16,16,16,16,16,16,8,8,8,
leaderboards loading,message displayed to the player when a leaderboard is loading,16,8,Loading...,ロード中,불러오는 중...,讀取中……,Chargement...,Lädt ...,Cargando...,Cargando...,Carregando...,Caricamento...,Yükleniyor...,جارٍ التحميل…,กำลัง​โหลด..,Laddar...,Ładowanie…,16,16,16,16,16,16,16,16,16,16,16,8,8,8,
leaderboards updating,message displayed to the player when a leaderboard is updating,16,8,Updating,更新中,업데이트 중,正在更新,Mise à jour,Aktualisiert ...,Actualizando,Actualizando,Atualizando,Aggiornamento,Güncelleniyor,جارٍ التحديث,กำลัง​อัปเดต,Uppdaterar,Aktualizacja,16,16,16,16,16,16,16,16,16,16,16,8,8,8,
leaderboards failed title,"title text, displayed in orange-red, for the message displayed to the player when a leaderboard failed to load",32,16,Failed to load leaderboard,ランキングを取得できませんでした,순위표를 불러오지 못했습니다,排行榜讀取失敗,Classement non téléchargé,Rangliste nicht geladen,Error al cargar la clasificación,Error al cargar el marcador,Falha ao carregar o placar,Caricamento classifica fallito,Liderlik panosu yüklenemedi,فشل تحميل لوحة المتصدرين,โหลด​กระดาน​คะแนน​ไม่​สำเร็จ,Kunde inte ladda topplistan,Nie udało się załadować tablicy wyników,32,32,32,32,32,32,32,32,32,32,32,16,16,16,
leaderboards failed text,"body text, displayed in white, for the message displayed to the player when a leaderboard failed to load",32,16,Please try again later,時間をおいてから再試行してください,나중에 다시 시도해 보세요,請稍後再試,Veuillez réessayer plus tard,Bitte versuche es später erneut.,Inténtalo de nuevo más tarde,Inténtalo de nuevo más tarde,Tente novamente mais tarde,Riprova più tardi,Lütfen daha sonra tekrar dene,يرجى المحاولة لاحقاً,โปรด​ลอง​อีก​ครั้ง​ภาย​หลัง,Försök igen senare,Spróbuj ponownie później,32,32,32,32,32,32,32,32,32,32,32,16,16,16,
,,,,,,,,,,,,,,,,,,,,,,,,,,,,,,,,,
gacha button get,a button to press / tap on to get an item after selecting it,10,6,GET,これにする,받기,取得,OBTENIR,EINSAMMELN,OBTENER,OBTENER,OBTER,OTTIENI,AL,الحصول على,รับ,VÄLJ,WEŹ,10,10,10,10,10,10,10,10,10,10,10,6,6,6,
gacha button confirm,a button to press / tap on to confirm getting an item (displays after [gacha button get]),10,6,CONFIRM?,本当に？,결정하셨나요?,確定？,CONFIRMER ?,BESTÄTIGEN?,¿ACEPTAR?,CONFIRMAR,CONFIRMAR?,CONFERMI?,ONAYLA?,التأكيد؟,ยืนยัน​หรือ​ไม่?,BEKRÄFTA?,NA PEWNO?,10,10,10,10,10,10,10,10,10,10,10,6,6,6,
gacha button equip,a button to press / tap on to go to equipment screen after getting a new item,10,6,EQUIP,装備する,장착,裝備,ÉQUIPER,AUSRÜSTEN,EQUIPAR,EQUIPAR,EQUIPAR,USA,KUŞAN,التجهز,ติด​ตั้ง,ANVÄND,WYPOSAŻ,10,10,10,10,10,10,10,10,10,10,10,6,6,6,
gacha button return,a button to press / tap on to return to previous screen,10,6,RETURN,もどる,돌아가기,返回,RETOUR,ZURÜCK,VOLVER,REGRESAR,RETORNAR,INDIETRO,GERİ DÖN,العودة,ย้อน​กลับ,ÅTERVÄND,POWRÓT,10,10,10,10,10,10,10,10,10,10,10,6,6,6,
gacha pick one,header text to instruct player to pick one item from a selection of 3,10,10,PICK ONE!,１つえらんでね,하나를 고르세요!,三選一！,CHOISIR UN,1 WÄHLEN!,¡ELIGE 1!,ELIGE UNO,PEGUE UM!,SCEGLI!,SEÇİM YAP!,اختر أحد الخيارات,เลือก​หนึ่ง​ชิ้น!,VÄLJ EN!,WYBIERZ JEDNO!,10,10,10,10,10,10,10,10,10,10,10,10,10,10,
,,,,,,,,,,,,,,,,,,,,,,,,,,,,,,,,,
ability menu header replace,header text that displays when selecting an ability to replace for another,10,6,REPLACE?,とりかえる？,바꾸시겠어요?,確定取代？,REMPLACER ?,TAUSCHEN?,¿CAMBIAR?,¿CAMBIAR?,TROCAR?,CAMBIO?,DEĞİŞTİR?,استبدال؟,แทนที่​หรือ​ไม่?,ERSÄTT?,ZASTĄPIĆ?,10,10,10,10,10,10,10,10,10,10,10,6,6,6,
ability menu select equip,verb text that displays above the selected ability to signify that pressing on it again will equip the ability,10,6,equip,装備,장착,裝備,équiper,ausrüsten,equipar,equipar,equipar,usa,kuşan,جهز,ติด​ตั้ง,använd,wyposaż,10,10,10,10,10,10,10,10,10,10,10,6,6,6,
ability menu select remove,verb text that displays above the selected ability to signify that pressing on it again will remove the ability,10,6,remove,はずす,제거,移除,retirer,entfernen,quitar,quitar,remover,rimuovi,kaldır,إزالة,ถอด,ta bort,usuń,10,10,10,10,10,10,10,10,10,10,10,6,6,6,
ability menu select replace,verb text that displays above the selected ability to signify that pressing on it again will replace the ability,10,6,replace,とりかえる,교체,取代,remplacer,tauschen,cambiar,cambiar,trocar,cambia,değiştir,استبدال,แทนที่,ersätt,zastąp,10,10,10,10,10,10,10,10,10,10,10,6,6,6,
,,,,,,,,,,,,,,,,,,,,,,,,,,,,,,,,,
reward jump orb,for displaying when you receive this reward as a result of accumulating experience points,20,10,You got a JUMP ORB,ジャンプ玉が増えた！,점프 오브를 받았습니다,獲得「跳跳球」,Reçu : ORBE DE SAUT,SPRUNGKUGEL erhalten,¡1 ORBE DE SALTO!,¡ORBE DE SALTO!,ORBE DE PULO,Ottenuto: SFERA SALTO,ZIPLAMA KÜRESİ aldın,حصلت على كرة قفز,คุณ​ได้​ลูกแก้ว​กระโดด​หนึ่ง​ลูก,Du fick ett HOPPKLOT,Otrzymujesz KULĘ SKOKU,20,20,20,20,20,20,20,20,20,20,20,10,10,10,
reward equipment slot,for displaying when you receive this reward as a result of accumulating experience points,20,10,You got an EQUIPMENT SLOT,装備スロットが増えた！,장비 슬롯을 받았습니다,獲得「裝備欄」,Reçu : EMPL. ÉQUIP.,AUSRÜSTUNGSPLATZ erhalten,¡1 ESPACIO EQUIP.!,¡RANURA DE EQUIPAMIENTO!,ESPAÇO DE EQUIPAMENTO,Ottenuto: SLOT OGGETTI,EKİPMAN YUVASI aldın,حصلت على موضع معدات,คุณ​ได้​สล็อต​อุปกรณ์​หนึ่ง​สล็อต,Du fick en UTRUSTNINGSPLATS,Otrzymujesz MIEJSCE W EKWIPUNKU,20,20,20,20,20,20,20,20,20,20,20,10,10,10,
reward rescue heart,for displaying when you receive this reward as a result of accumulating experience points,20,10,You got a MINUTE HEART,１分ハートをゲット！,1분 하트를 받았습니다,獲得「時間心」,Reçu : CŒUR MINUTE,MINUTENHERZ erhalten,¡1 CORAZÓN DE MINUTO!,¡CORAZÓN DE RESCATE!,CORAÇÃO TEMPORÁRIO,Ottenuto: CUORE MINUTO,Bir SÜRE CANI aldın,حصلت على قلب الدقائق,คุณ​ได้​หัวใจ​นาที​หนึ่ง​ดวง,Du fick ett MINUTHJÄRTA,Otrzymujesz MINUTOWE SERCE,20,20,20,20,20,20,20,20,20,20,20,10,10,10,
reward money,for displaying when you receive this reward as a result of accumulating experience points,20,10,You got GOLDEN SEEDS,金のタネをゲット！,황금 씨앗을 받았습니다,獲得「金種子」,Reçu : GRAINES D'OR,GOLDSAMEN erhalten,¡SEMILLAS DE ORO!,¡SEMILLAS DORADAS!,SEMENTES DOURADAS,Ottenuto: SEMI D'ORO,ALTIN TOHUM aldın,حصلت على بذور ذهبية,คุณ​ได้​เมล็ด​ทองคำ,Du fick GULDFRÖN,Otrzymujesz ZŁOTE NASIONKA,20,20,20,20,20,20,20,20,20,20,20,10,10,10,
,,,,,,,,,,,,,,,,,,,,,,,,,,,,,,,,,
area name jungle,name for area with jungle with vines as a central gimmick,16,8,Viny Jungles,ジャングル地帯,덩굴 정글,蔓生叢林,Jungle de lianes,Rankendschungel,Selva de lianas,Selva de lianas,Bosque dos Cipós,Profonda giungla,Sarmaşıklı Orman,الغابة الكثيفة,ป่า​เถา​องุ่น,Klätterdjungeln,Dżungla Winorośli,16,16,16,16,16,16,16,16,16,16,16,8,8,8,
area name aqua,name for area with an underwater theme with air bubbles as a central gimmick,16,8,Bubbly Waterway,プカプカ水脈,방울 물길,泡沫水路,Flots pétillants,Blubberwasserweg,Canal burbujeante,Mar de burbujas,Borbulhiço,Fiume di bolle,Kabarcıklı Kanal,نهر الفقاقيع,ทาง​น้ำ​ฟอง​ฟอด,Bubbelbukten,Bąbelkowy Szlak,16,16,16,16,16,16,16,16,16,16,16,8,8,8,
area name mines,name for area with a mine theme with explosive jump pads as a central gimmick,16,8,Boom Boom Mines,ドカボカ坑道,쿵쾅 광산,轟隆礦坑,Mines Boum Boum,Krawummsminen,Minas Bum bum,Minas explosivas,Mina Cabum,Miniere minate,Bum Bum Madenleri,منجم الانفجارات,เมือง​ตูมตาม,Pangpanggruvan,Kopalnie Bum Bum,16,16,16,16,16,16,16,16,16,16,16,8,8,8,
area name temple,name for area with an ancient temple theme with cannons as a central gimmick,16,8,Cannon Temple,タイホー神殿,대포 사원,火砲神廟,Temple du canon,Kanonentempel,Templo del cañón,Templo del cañón,Templo do Canhão,Tempio esplosivo,Toplu Tapınak,معبد المدافع,วิหาร​ปืน​ใหญ่,Kanontemplet,Świątynia Dział,16,16,16,16,16,16,16,16,16,16,16,8,8,8,
area name outerspace,name for the final area with an outer space theme,16,8,Outer Space,アウタースペース,우주 공간,星際宇宙,Espace sidéral,Weltall,Espacio cósmico,Espacio sideral,Espaço Sideral,Spazio cosmico,Dış Uzay,الفضاء الخارجي,อวกาศ,Yttre rymden,Kosmos,16,16,16,16,16,16,16,16,16,16,16,8,8,8,
,,,,,,,,,,,,,,,,,,,,,,,,,,,,,,,,,
main game instruction,tutorial text that displays when playing the game for the first time. The thing we're feeding is fruit juice,64,32,Make some juice for the angry beast!,カイブツにジュースをあげて怒りをなだめよう！,화난 괴물에게 줄 주스를 만드세요!,努力榨果汁，餵飽肚子空空的野獸！,Faites du jus pour le monstre en colère !,Mach dem wütenden Monster Saft!,¡Prepara un poco de zumo para el monstruo hambriento!,¡Prepara jugo para la Bestia enojada!,Faça suco para o fominha!,Prepara del succo per la bestia feroce!,Kızgın canavar için meyve suyu yap!,اصنع بعض العصير للوحش الغاضب!,ทำ​น้ำ​ผลไม้​ให้​สัตว์​ร้าย​ที่​กำลัง​โกรธ!,Gör saft åt det arga monstret!,Przygotuj sok dla złej bestii!,64,64,64,64,64,64,64,64,64,64,64,32,32,32,
main game start,"short text that displays the moment the game starts, right after the above string. can be something along the lines of GO, START, BEGIN etc",16,8,GO!,スタート！,시작!,開始！,C'EST PARTI !,LOS!,¡YA!,¡VAMOS!,VAI!,VIA!,HADİ!,انطلق!,ไป!,BÖRJA!,START!,16,16,16,16,16,16,16,16,16,16,16,8,8,8,
main game notification new area,for displaying when the player has discovered a new area for the first time,32,16,NEW AREA\nDISCOVERED,新しいとこに来た！,새 구역\n발견,發現\n新區域,NOUVELLE ZONE\nDÉCOUVERTE,NEUES GEBIET\nENTDECKT,NUEVA ÁREA\nDESCUBIERTA,NUEVA ZONA\nDESCUBIERTA,NOVA ÁREA\nDESCOBERTA,SCOPERTA\nNUOVA AREA!,YENİ BÖLGE\nKEŞFEDİLDİ,تم اكتشاف\nمنطقة جديدة,ค้น​พบ\nพื้นที่​ใหม่​แล้ว,NYTT OMRÅDE\nHITTAT,ODKRYTO\nNOWĄ MAPĘ,32,32,32,32,32,32,32,32,32,32,32,16,16,16,
main game notification final stretch,"text that displays when the player enters the final sequence of the main game, to convey the end is near",32,16,FINAL STRETCH!,ファイナルステージ！,거의 다 왔어요!,最終挑戰！,DERNIÈRE LIGNE DROITE !,ZIELSTRECKE!,¡ÚLTIMO TRAMO!,¡RECTA FINAL!,RETA FINAL!,CI SEI QUASI!,SON DÜZLÜK!,المرحلة النهائية!,ทาง​ตรง​ช่วง​สุดท้าย!,SISTA STRÄCKAN!,OSTATNI ETAP!,32,32,32,32,32,32,32,32,32,32,32,16,16,16,
main game notification x remaining,text that displays after [finalseq final stretch] to notify the player they have this many tasks left to finish the game,32,16,%1% juice(s) remaining...,あと%1%ジュースでクリア！,주스 %1%개 남음...,還差%1%份果汁……,Encore %1% jus...,Noch %1% Saft/Säfte ...,Queda %1% de zumo...,%1% más...,Falta(m) %1% de suco(s)...,Succo rimasto: %1%,%1% meyve suyu kaldı...,تبقى %1% من العصير…,เหลือ​น้ำ​ผลไม้ %1%..,%1% saft kvar...,Zostało %1% soku…,32,32,32,32,32,32,32,32,32,32,32,16,16,16,
,,,,,,,,,,,,,,,,,,,,,,,,,,,,,,,,,
main game UI juice ready,text that appears over the recipe UI when the requirement has been filled and is ready to be juiced,6,6,READY,準備ＯＫ,준비 끝,完成,PRÊT,BEREIT,DALE,LISTO,PRONTO,PRONTO,HAZIR,جاهز,พร้อม,REDO,GOTOWE,6,6,6,6,6,6,6,6,6,6,6,6,6,6,
main game UI juice done,text that appears over the recipe UI for a brief moment right after the juice is done,6,6,DONE!,できた！,완성!,榨果汁！,FAIT !,DA!,LISTO,¡YA!,ISSO!,FATTO!,TAMAM!,تم!,เรียบร้อย!,KLAR!,UDAŁO SIĘ!,6,6,6,6,6,6,6,6,6,6,6,6,6,6,
,,,,,,,,,,,,,,,,,,,,,,,,,,,,,,,,,
main game UI cancel jump,text that appears over the player UI when they're about to cancel out of a jump,,,CANCEL,キャンセル,취소,取消,ANNULER,ABBR.,CANCELAR,CANCELAR,CANCELAR,ANNULLA,İPTAL ET,إلغاء,ยกเลิก,AVBRYT,ANULUJ,,,,,,,,,,,,,,,
,,,,,,,,,,,,,,,,,,,,,,,,,,,,,,,,,
main game UI level,unit for the difficulty level accompanied by its value in %1%,8,6,Level %1%,レベル %1%,레벨 %1%,難度%1%,Niveau %1%,Level %1%,Nv. %1%,Nivel %1%,Nvl. %1%,Liv. %1%,%1%. Seviye,مستوى %1%,เลเวล %1%,Nivå %1%,Poziom %1%,8,8,8,8,8,8,8,8,8,8,8,6,6,6,
main game UI level up,a text that pops up when you level up,12,8,LEVEL UP!,レベルアップ！,레벨업!,難度提升！,NIVEAU + !,LEVEL UP!,¡+1 NIVEL!,NUEVO NIVEL,NÍVEL +!,LIVELLO+!,SEVİYE ARTIŞI,رُفع المستوى,เลเวล​เพิ่ม!,NY NIVÅ!,KOLEJNY POZIOM!,12,12,12,12,12,12,12,12,12,12,12,8,8,8,
main game UI juice bonus,text to accompany the bonus score received by collecting excessive fruits,10,6,BONUS,ボーナス,보너스,加分,BONUS,BONUS,BONUS,BONO,BÔNUS,BONUS,BONUS,إضافية,โบนัส,BONUS,BONUS,10,10,10,10,10,10,10,10,10,10,10,6,6,6,
main game UI extra bonus,cool text to display to praise the player when they are collecting excessive fruits,12,12,EXTRA\nBONUS,サービス\nボーナス,추가\n보너스,超級\n加分,BONUS\nSUP.,EXTRA-\nBONUS,FRUTAS\nEXTRA,BONO\nEXTRA,BÔNUS\nEXTRA,BONUS\nEXTRA,EK\nBONUS,نقاط\nإضافية,โบนัส\nพิเศษ,EXTRA-\nBONUS,DODATKOWY\nBONUS,12,12,12,12,12,12,12,12,12,12,12,12,12,12,
main game UI last remain,%1% replaced with number between 2 to 5,12,12,%1% remaining!,ラスト%1%回！,%1%개 남음!,還差%1%份！,Encore %1% !,%1% übrig!,¡Quedan %1%!,¡%1% más!,Faltam %1%!,%1% rimasti!,%1% kaldı!,يتبقى %1%!,เหลือ​อีก %1%!,%1% kvar!,Jeszcze %1%!,12,12,12,12,12,12,12,12,12,12,12,12,12,12,
main game UI last final one,"last remaining, can be same expression as above",12,12,LAST ONE!,ラスト%1%回！,마지막 하나!,最後一份！,LE DERNIER !,NUR NOCH 1!,¡EL ÚLTIMO!,¡ÚLTIMO!,FALTA UM!,ULTIMO!,SONUNCU!,الأخير!,สุดท้าย!,SISTA!,OSTATNI!,12,12,12,12,12,12,12,12,12,12,12,12,12,12,
,,,,,,,,,,,,,,,,,,,,,,,,,,,,,,,,,
main game UI endless mode,shows at the bottom of the screen to make clear that the current game mode is endless mode,,,Endless Mode,エンドレスモード,무한 모드,無盡模式,Mode infini,Endlosmodus,Modo Interminable,Modo Interminable,Modo Infinito,Modalità infinita,Sonsuz Mod,الوضع اللانهائي,โหมด​ไร้​จุดจบ,Oändligt läge,Tryb nieskończony,,,,,,,,,,,,,,,
main game UI average,shows above the average score,16,8,Average,スコア平均値,평균,平均得分,Moyenne,Durchschnitt,Promedio,Promedio,Média,Medio,Ortalama,المتوسط,เฉลี่ย,Snitt,Średnia,16,16,16,16,16,16,16,16,16,16,16,8,8,8,
main game UI best average,shows above the recorded best average score,16,8,Best Average,最高平均値,최고 평균,最高平均得分,Meill. moyenne,Bester Durchsch.,Mejor promedio,Mejor promedio,Melhor Média,Medio migliore,En İyi Ortalama,أفضل متوسط,เฉลี่ย​ดี​ที่สุด,Högstasnitt,Najlepsza średnia,16,16,16,16,16,16,16,16,16,16,16,8,8,8,
main game UI highscore,shows above best recorded score,16,8,Best Score,ハイスコア,최고 점수,最高得分,Meilleur score,Bester Punktest.,Mejor puntuación,Mejor puntuación,Melhor Pontuação,Punt. migliore,En İyi Puan,أفضل نتيجة,คะแนน​ดี​ที่สุด,Poängrekord,Najlepszy wynik,16,16,16,16,16,16,16,16,16,16,16,8,8,8,
main game UI highscore notification,shows when getting new highest score,32,16,NEW HIGH SCORE!,ハイスコア更新！,점수 신기록!,刷新最高得分！,NOUVEAU RECORD !,NEUER REKORDPUNKTESTAND!,¡NUEVA PUNTUACIÓN ALTA!,¡NUEVA PUNTUACIÓN MÁXIMA!,NOVA PONTUAÇÃO MÁXIMA!,NUOVO PUNTEGGIO RECORD!,YENİ PUAN REKORU!,نتيجة قياسية جديدة!,คะแนน​สูงสุด​ใหม่!,NYTT POÄNGREKORD!,NOWY REKORD!,32,32,32,32,32,32,32,32,32,32,32,16,16,16,
main game UI best average notification,shows when getting new best average score,32,16,NEW HIGHEST AVERAGE!,最高平均値を更新！,평균 신기록!,刷新最高平均得分！,NOUVELLE MOYENNE MAX !,NEUER REKORDDURCHSCHNITT!,¡NUEVO MEJOR PROMEDIO!,¡NUEVO PROMEDIO MÁXIMO!,NOVA MÉDIA MÁXIMA!,NUOVO PUNTEGGIO MEDIO RECORD!,YENİ EN YÜKSEK ORTALAMA!,متوسط قياسي جديد!,เฉลี่ย​สูงสุด​ใหม่!,NYTT HÖGSTASNITT!,NOWA NAJWYŻSZA ŚREDNIA!,32,32,32,32,32,32,32,32,32,32,32,16,16,16,
,,,,,,,,,,,,,,,,,,,,,,,,,,,,,,,,,
main game UI star juice ready,same as above but for final area where the fruits are stars so the juice is called STAR JUICE - please insert line break at appropriate point,20,20,STAR JUICE\nREADY,スタージュース\n準備ＯＫ,별 주스\n준비 끝,星星果汁\n完成,JUS D'ÉTOILE\nPRÊT,STERNENSAFT\nBEREIT,ZUMO ESTELAR\nLISTO,JUGO ESTELAR\nLISTO,SUCO ESTELAR\nPRONTO,SUCCO STELLARE\nPRONTO,YILDIZ SUYU\nHAZIR,عصير النجوم\nجاهز,น้ำ​ผลไม้​ดาว\nพร้อม​แล้ว,STJÄRNSAFT\nREDO,GWIEZDNY SOK\nGOTOWY,20,20,20,20,20,20,20,20,20,20,20,20,20,20,
main game UI gourmet level,Difficulty level for the juice recipe - the higher it is the more complex the recipe is. This text is shown in the HUD at bottom center of the screen in main game so shorter the string the better,16,8,Gourmet Level,グルメレベル,미식 레벨,食譜難度,Niveau Gourmet,Gourmet-Level,Nivel Gourmet,Nivel gourmet,Nível Gourmet,Livello Gourmet,Gurme Seviyesi,درجة المذاق,เลเวล​นัก​ชิม,Gourmetnivå,Poziom przepisu,16,16,16,16,16,16,16,16,16,16,16,8,8,8,
main game UI next discovery,"shows the level the player needs to reach in order to unlock the new area. Example usage: ""Next discovery: Level 15""",20,10,Discover new area at Gourmet Level %1%,グルメレベル%1%で\n新エリア発見！,미식 레벨 %1%에 새 구역 발견,達到食譜難度%1%，揭開新區域,Découvrez nouv. zone au niv. Gourmet %1%,Neues Gebiet auf Gourmet-Level %1%,Nueva área: nivel Gourmet %1%,Descubre otra zona con el nivel %1%,Veja uma nova área no Nvl. Gourmet %1%,Scopri una nuova area a liv. Gourmet %1%,%1%. Gurme Seviyesinde yeni bölge keşfet,اكتشف منطقة جديدة عند مستوى المذاق %1%,ค้น​พบ​พื้น​ที่​ใหม่​เลเวล​นัก​ชิม​ถึง %1%,Nå gourmetnivå %1% för att hitta ett nytt område,Nowy obszar na %1%. poziomie przepisu,20,20,20,20,20,20,20,20,20,20,20,10,10,10,
main game UI discovery imminent,a text that shows when the player is about to reach / unlock a new area in the game,20,10,DISCOVERY\nAHEAD!,このさき\n新エリアの予感！,곧\n발견!,即將揭開\n新區域！,DÉCOUVERTE\nEN VUE !,ENTDECKUNG\nNAHT!,¡NUEVA ÁREA\nCERCA!,PRÓXIMA\nREVELACIÓN,DESCOBERTA\nADIANTE!,SCOPERTA\nIN VISTA!,KEŞİF\nYAKLAŞTI!,على وشك\nتحقيق اكتشاف,กำลัง​จะ\nค้น​พบ​แล้ว!,NÄRA NYTT\nOMRÅDE!,NOWY OBSZAR\nPRZED TOBĄ!,20,20,20,20,20,20,20,20,20,20,20,10,10,10,
main game UI final area at,shows the level the player needs to reach in order to reach the final area of the game,20,10,Final challenge at\nGourmet Level %1%,グルメレベル%1%で\n最後のエリアへ,미식 레벨 %1%에\n최후 도전,達到食譜難度%1%\n揭開最終挑戰,Dernier défi au\nniveau Gourmet %1%,Letzte Herausf.\nauf Gourmet-Level %1%,Último desafío:\nnivel Gourmet %1%,Desafío final\ncon el nivel %1%,Desafio final no\nNível Gourmet %1%,Sfida finale al\nlivello Gourmet %1%,Son zorluk\n%1%. Gurme Seviyesinde,التحدي الأخير\nعند مستوى المذاق %1%,ความ​ท้าทาย​สุดท้าย​ที่\nเลเวล​นัก​ชิม %1%,Sista utmaningen\npå gourmetnivå %1%,Finałowe wyzwanie na\n%1%. poziomie przepisu,20,20,20,20,20,20,20,20,20,20,20,10,10,10,
,,,,,,,,,,,,,,,,,,,,,,,,,,,,,,,,,
game complete header,congratulatory header text to display after the ending has been reached,24,12,GAME COMPLETE!,ゲームクリア！,게임 완료!,恭喜破關！,JEU TERMINÉ !,SPIEL GESCHAFFT!,¡JUEGO COMPLETADO!,¡JUEGO COMPLETADO!,JOGO CONCLUÍDO!,GIOCO COMPLETATO!,OYUN TAMAMLANDI!,أكملت اللعبة!,จบ​เกม!,KLARADE SPELET!,UKOŃCZONO GRĘ!,24,24,24,24,24,24,24,24,24,24,24,12,12,12,
,,,,,,,,,,,,,,,,,,,,,,,,,,,,,,,,,
,,,,,,,,,,,,,,,,,,,,,,,,,,,,,,,,,
ending skip UI,the word 'skip' to show above the UI that allows player to skip a cutscene,12,6,Skip,スキップ,건너뛰기,略過,Passer,Überspringen,Omitir,Omitir,Pular,Salta,Atla,تخطٍ,ข้าม,Hoppa över,Pomiń,12,12,12,12,12,12,12,12,12,12,12,6,6,6,
ending post end unlock header,header text for a window listing unlocked elements from completing the game,24,12,Game completion reward!,クリア記念プレゼント！,게임 완료 보상!,破關獎勵！,Prix pour jeu terminé !,Prämie zum Spielabschluss!,¡Recompensa por terminar!,¡Recompensa final!,Recompensa de conclusão!,Premio di completamento!,Oyun tamamlama ödülü!,مكافأة إكمال اللعبة!,รางวัล​จบ​เกม!,Avklarningsbelöning!,Nagroda za ukończenie gry!,24,24,24,24,24,24,24,24,24,24,24,12,12,12,
ending post end unlock medal menu,name of the menu for checking the medals,16,8,Medal menu,メダルメニュー,메달 메뉴,獎牌列表,Menu médailles,Medaillen-Menü,Menú Medallas,Menú de medallas,Menu de medalhas,Menu medaglie,Madalya menüsü,قائمة الميداليات,เมนู​เหรียญ,Medaljmeny,Menu medali,16,16,16,16,16,16,16,16,16,16,16,8,8,8,
ending post end unlock sleeping gear,name for a group of items such as pajamas and pillow,16,8,Bedtime set,快眠グッズ,취침 시간 세트,好眠組合,Ensemble de nuit,Schlafenszeit-Set,Kit para dormir,Set para dormir,Kit de sono,Set da notte,Uyku vakti seti,طقم عتاد النوم,เซ็ตเข้านอน,Sömnprylar,Wyposażenie śpiocha,16,16,16,16,16,16,16,16,16,16,16,8,8,8,
,,,,,,,,,,,,,,,,,,,,,,,,,,,,,,,,,
medal unlock,"displays when unlocking a medal (achievement, trophy thing)",16,8,GOT MEDAL!,メダル\nゲット！,메달 획득!,榮獲獎牌！,MÉDAILLE REÇUE !,MEDAILLE ERHALTEN!,¡1 MEDALLA!,¡MEDALLA!,MEDALHA OBTIDA!,NUOVA MEDAGLIA!,MADALYA ALINDI!,فتحت الميدالية!,ได้​เหรียญ!,DU FICK MEDALJ!,ZDOBYTO MEDAL!,16,16,16,16,16,16,16,16,16,16,16,8,8,8,
,,,,,,,,,,,,,,,,,,,,,,,,,,,,,,,,,
lobby UI juicer rank,%1% will be replaced with the player's current rank number,10,5,RANK %1%,ランク %1%,랭크 %1%,等級%1%,RANG %1%,RANG %1%,RANGO %1%,RANGO %1%,RANQUE %1%,GRADO %1%,%1%. SIRA,الرتبة %1%,อันดับ %1%,PLATS %1%,RANGA %1%,10,10,10,10,10,10,10,10,10,10,10,5,5,5,
,,,,,,,,,,,,,,,,,,,,,,,,,,,,,,,,,
UI general return,a button to press / tap on to return to previous screen,12,6,Return,戻る,돌아가기,返回,Retour,Zurück,Volver,Regresar,Retornar,Indietro,Geri dön,العودة,ย้อน​กลับ,Återvänd,Powrót,12,12,12,12,12,12,12,12,12,12,12,6,6,6,
,,,,,,,,,,,,,,,,,,,,,,,,,,,,,,,,,
result juicer rank,,10,5,RANK,ランク,순위,等級,RANG,RANG,RANGO,RANGO,RANQUE,GRADO,SIRA,الرتبة,อันดับ,PLATS,RANGA,10,10,10,10,10,10,10,10,10,10,10,5,5,5,
result reward,text drawn below the graphic of the next reward to be unlocked,10,5,REWARD,ごほうび,보상,獎勵,RÉCOMPENSE,PRÄMIE,RECOMPENSA,RECOMPENSA,RECOMPENSA,RICOMPENSA,ÖDÜL,المكافأة,รางวัล,BELÖNING,NAGRODA,10,10,10,10,10,10,10,10,10,10,10,5,5,5,
result game over,header for result screen to say game over,16,10,GAME OVER,ゲームオーバー,게임 오버,GAME OVER,FIN DE PARTIE,GAME OVER,FIN DEL JUEGO,FIN DEL JUEGO,FIM DE JOGO,GAME OVER,OYUN BİTTİ,انتهت اللعبة,เกม​โอเวอร์,SPELET ÄR SLUT,KONIEC GRY,16,16,16,16,16,16,16,16,16,16,16,10,10,10,
result rank up reward,congratulatory text displayed when receiving reward from ranking up,24,12,RANK UP\nREWARD!,ランクアップの\nごほうび！,순위 상승\n보상!,升級\n獎勵！,RÉCOMPENSE\nRANG SUP !,PRÄMIE ZUM\nRANGAUFSTIEG,¡RECOMPENSA\n+1 RANGO!,¡RECOMPENSA\nDE RANGO!,RECOMPENSA DE\nRANQUE!,RICOMPENSA\nGRADO+!,SIRALAMA\nÖDÜLÜ!,مكافأة\nترقية الرتبة!,รางวัล\nเลื่อน​อันดับ​!,PLACERINGS-\nBELÖNING!,NAGRODA\nRANKINGOWA!,24,24,24,24,24,24,24,24,24,24,24,12,12,12,
result rank max,text to replace the rank number when at max rank,5,5,MAX,MAX,최고,MAX,MAX,MAX.,MÁX.,MÁX.,MÁX.,MAX,MAKS.,الأقصى,สูงสุด,MAX,MAKS.,5,5,5,5,5,5,5,5,5,5,5,5,5,5,
,,,,,,,,,,,,,,,,,,,,,,,,,,,,,,,,,
puzzle header,header text for puzzle select screen,12,12,PUZZLE MODE,パズルモード,퍼즐 모드,挑戰模式,MODE PUZZLE,PUZZLEMODUS,MODO PUZLE,MODO RECREO,MODO PUZZLE,PUZZLE,BULMACA MODU,وضع اللغز,โหมด​พัซ​เซิล,PUSSELLÄGE,ŁAMIGŁÓWKI,12,12,12,12,12,12,12,12,12,12,12,12,12,12,
puzzle start make juice,instructional text that shows at the start of a puzzle,32,16,Get the fruits and\nmake the juice!,レシピのジュースを\nつくろう！,과일을 모아\n주스를 만드세요!,收集水果\n榨成果汁！,Prenez les fruits et\nfaites du jus !,Nimm die Früchte\nund mach Saft!,¡Consigue frutas y\nhaz el zumo!,¡Consigue frutas\ny haz jugo!,Pegue as frutas e\nfaça suco!,Prendi la frutta\nper il succo!,Meyveleri al ve\nsuyunu çıkar!,اجمع الفواكه\nواصنع العصير!,หา​ผลไม้\nมา​ทำ​น้ำ​ผลไม้​สิ!,Samla frukter och\ngör saft!,Zdobądź owoce\ni zrób sok!,32,32,32,32,32,32,32,32,32,32,32,16,16,16,
puzzle complete,congratulatory text drawn after completing a puzzle,12,6,Cleared!,クリアー！,통과!,過關！,Réussi !,Gelöst!,¡Completado!,¡Listo!,Concluído!,Completato!,Tamamlandı!,اكتمل!,เคลียร์​แล้ว!,Löst!,Ukończono!,12,12,12,12,12,12,12,12,12,12,12,6,6,6,
puzzle all complete,congratulatory text drawn after completing all puzzles,12,6,All Cleared!,全クリアー！,모두 통과!,全數過關！,Tout réussi !,Alle gelöst!,¡Todos hechos!,¡Todo listo!,Foi tudo!,Completati!,Hepsi Tamam!,اكتملت كلها!,เคลียร์​หมด​แล้ว!,Alla lösta!,Ukończono wszystkie!,12,12,12,12,12,12,12,12,12,12,12,6,6,6,
puzzle next,pressing this button will get you to the next puzzle,12,6,Next,次へ,다음,下一關,Suivant,Nächstes,Siguiente,Siguiente,Próximo,Avanti,Sıradaki,التالي,ถัด​ไป,Nästa,Dalej,12,12,12,12,12,12,12,12,12,12,12,6,6,6,
puzzle list,pressing this button will bring up the puzzle select list,,,Puzzle List,パズルリスト,퍼즐 목록,挑戰列表,Liste des puzzles,Puzzle-Liste,Lista de puzles,Lista,Lista de Puzzles,Elenco puzzle,Bulmaca Listesi,قائمة الألغاز,รายการ​ปริศนา,Pussellista,Lista łamigłówek,,,,,,,,,,,,,,,
puzzle retry,pressing this button will let you retry the puzzle,12,6,Retry,リトライ,다시 시도,重試,Réessayer,Erneut,Reintentar,Reintentar,Repetir,Riprova,Tekrar dene,أعد المحاولة,ลอง​ใหม่,Försök igen,Spróbuj ponownie,12,12,12,12,12,12,12,12,12,12,12,6,6,6,
puzzle return,pressing this button will get you back to the lobby,12,6,Return to Lobby,ホームへ戻る,로비로 돌아가기,返回大廳,Retour salon,Zurück zur Lobby,Volver al lobby,Ir al lobby,Lobby,Alla lobby,Lobiye Dön,إلى الردهة,กลับ​ไป​ที่​ล็อบบี้,Återvänd till lobbyn,Powrót do menu,12,12,12,12,12,12,12,12,12,12,12,6,6,6,
puzzle play,pressing this button will start the puzzle,12,6,PLAY,プレイ,플레이,開始,JOUER,SPIELEN,JUGAR,JUGAR,JOGAR,GIOCA,OYNA,البدء,เล่น,SPELA,GRAJ,12,12,12,12,12,12,12,12,12,12,12,6,6,6,
,,,,,,,,,,,,,,,,,,,,,,,,,,,,,,,,,
trophy header,header text for trophy screen,12,6,Medals,メダル,메달,獎牌,Médailles,Medaillen,Medallas,Medallas,Medalhas,Medaglie,Madalyalar,الميداليات,เหรียญ,Medaljer,Medale,12,12,12,12,12,12,12,12,12,12,12,6,6,6,
,,,,,,,,,,,,,,,,,,,,,,,,,,,,,,,,,
trophy clear by 10,requirement for unlocking this trophy,64,32,Reach the ending with up to 10 jump orbs,ジャンプ玉10個以内でエンディングに到達する,최대 10개의 점프 오브로 엔딩에 도달하기,使用10個以下跳跳球破關,Atteignez la fin avec jusqu'à 10 orbes de saut,Erreiche das Ziel mit bis zu 10 Sprungkugeln,Llega hasta el final con 10 orbes de salto como máximo,Llega al final con hasta 10 orbes de salto,Chegue ao final com até 10 orbes de pulo,Raggiungi il finale con un massimo di 10 Sfere salto,En fazla 10 zıplama küresi ile sona ulaş,بلوغ النهاية مع امتلاك ما يصل إلى 10 من كرات القفز,ไป​ถึง​ตอน​จบ​โดย​ใช้​ลูก​แก้ว​กระโดด​ไม่​เกิน 10 ลูก,Nå slutet med högst 10 hoppklot,"Ukończ grę, mając do 10 kul skoku",64,64,64,64,64,64,64,64,64,64,64,32,32,32,
trophy clear by 8,requirement for unlocking this trophy,64,32,Reach the ending with up to 8 jump orbs,ジャンプ玉8個以内でエンディングに到達する,최대 8개의 점프 오브로 엔딩에 도달하기,使用8個以下跳跳球破關,Atteignez la fin avec jusqu'à 8 orbes de saut,Erreiche das Ziel mit bis zu 8 Sprungkugeln,Llega hasta el final con 8 orbes de salto como máximo,Llega al final con hasta 8 orbes de salto,Chegue ao final com até 8 orbes de pulo,Raggiungi il finale con un massimo di 8 Sfere salto,En fazla 8 zıplama küresi ile sona ulaş,بلوغ النهاية مع امتلاك ما يصل إلى 8 من كرات القفز,ไป​ถึง​ตอน​จบ​โดย​ใช้​ลูก​แก้ว​กระโดด​ไม่​เกิน 8 ลูก,Nå slutet med högst 8 hoppklot,"Ukończ grę, mając do 8 kul skoku",64,64,64,64,64,64,64,64,64,64,64,32,32,32,
trophy clear by 6,requirement for unlocking this trophy,64,32,Reach the ending with up to 6 jump orbs,ジャンプ玉6個以内でエンディングに到達する,최대 6개의 점프 오브로 엔딩에 도달하기,使用6個以下跳跳球破關,Atteignez la fin avec jusqu'à 6 orbes de saut,Erreiche das Ziel mit bis zu 6 Sprungkugeln,Llega hasta el final con 6 orbes de salto como máximo,Llega al final con hasta 6 orbes de salto,Chegue ao final com até 6 orbes de pulo,Raggiungi il finale con un massimo di 6 Sfere salto,En fazla 6 zıplama küresi ile sona ulaş,بلوغ النهاية مع امتلاك ما يصل إلى 6 من كرات القفز,ไป​ถึง​ตอน​จบ​โดย​ใช้​ลูก​แก้ว​กระโดด​ไม่​เกิน 6 ลูก,Nå slutet med högst 6 hoppklot,"Ukończ grę, mając do 6 kul skoku",64,64,64,64,64,64,64,64,64,64,64,32,32,32,
trophy clear by 4,requirement for unlocking this trophy,64,32,Reach the ending with up to 4 jump orbs,ジャンプ玉4個以内でエンディングに到達する,최대 4개의 점프 오브로 엔딩에 도달하기,使用4個以下跳跳球破關,Atteignez la fin avec jusqu'à 4 orbes de saut,Erreiche das Ziel mit bis zu 4 Sprungkugeln,Llega hasta el final con 4 orbes de salto como máximo,Llega al final con hasta 4 orbes de salto,Chegue ao final com até 4 orbes de pulo,Raggiungi il finale con un massimo di 4 Sfere salto,En fazla 4 zıplama küresi ile sona ulaş,بلوغ النهاية مع امتلاك ما يصل إلى 4 من كرات القفز,ไป​ถึง​ตอน​จบ​โดย​ใช้​ลูก​แก้ว​กระโดด​ไม่​เกิน 4 ลูก,Nå slutet med högst 4 hoppklot,"Ukończ grę, mając do 4 kul skoku",64,64,64,64,64,64,64,64,64,64,64,32,32,32,
trophy endless score 10,requirement for unlocking this trophy,64,32,Score over %1% in endless mode with 10 jump orbs,エンドレスモード:\nジャンプ玉10個で%1%点以上獲得する,무한 모드에서 10개의 점프 오브로 %1%점 이상 점수 내기,使用10個跳跳球在無盡模式獲得超過%1%分,Marquez plus de %1% en mode infini avec 10 orbes de saut,Erreiche im Endlosmodus über %1% Punkte mit 10 Sprungkugeln,Consigue más de %1% puntos en el modo Interminable con 10 orbes de salto,Obtén más de %1% puntos en modo Interminable con 10 orbes de salto,Pontue mais de %1% no modo infinito com 10 orbes de pulo,Totalizza più di %1% in Modalità infinita con 10 Sfere salto,Sonsuz modda 10 zıplama küresi ile en az %1% puan al,تسجيل %1% أو أكثر في الوضع اللانهائي مع امتلاك 10 من كرات القفز,ทำ​คะแนน​ใน​โหมด​ไร้​จุดจบ​ได้​มากกว่า %1% โดย​ใช้​ลูก​แก้ว​กระโดด 10 ลูก,Få minst %1% poäng i oändliga läget med 10 hoppklot,Uzyskaj wynik ponad %1% punktów w trybie nieskończonym z 10 kulami skoku,64,64,64,64,64,64,64,64,64,64,64,32,32,32,
trophy endless score 8,requirement for unlocking this trophy,64,32,Score over %1% in endless mode with 8 jump orbs,エンドレスモード:\nジャンプ玉8個で%1%点以上獲得する,무한 모드에서 8개의 점프 오브로 %1%점 이상 점수 내기,使用8個跳跳球在無盡模式獲得超過%1%分,Marquez plus de %1% en mode infini avec 8 orbes de saut,Erreiche im Endlosmodus über %1% Punkte mit 8 Sprungkugeln,Consigue más de %1% puntos en el modo Interminable con 8 orbes de salto,Obtén más de %1% puntos en modo Interminable con 8 orbes de salto,Pontue mais de %1% no modo infinito com 8 orbes de pulo,Totalizza più di %1% in Modalità infinita con 8 Sfere salto,Sonsuz modda 8 zıplama küresi ile en az %1% puan al,تسجيل %1% أو أكثر في الوضع اللانهائي مع امتلاك 8 من كرات القفز,ทำ​คะแนน​ใน​โหมด​ไร้​จุดจบ​ได้​มากกว่า %1% โดย​ใช้​ลูก​แก้ว​กระโดด 8 ลูก,Få minst %1% poäng i oändliga läget med 8 hoppklot,Uzyskaj wynik ponad %1% punktów w trybie nieskończonym z 8 kulami skoku,64,64,64,64,64,64,64,64,64,64,64,32,32,32,
trophy endless score 6,requirement for unlocking this trophy,64,32,Score over %1% in endless mode with 6 jump orbs,エンドレスモード:\nジャンプ玉6個で%1%点以上獲得する,무한 모드에서 6개의 점프 오브로 %1%점 이상 점수 내기,使用6個跳跳球在無盡模式獲得超過%1%分,Marquez plus de %1% en mode infini avec 6 orbes de saut,Erreiche im Endlosmodus über %1% Punkte mit 6 Sprungkugeln,Consigue más de %1% puntos en el modo Interminable con 6 orbes de salto,Obtén más de %1% puntos en modo Interminable con 6 orbes de salto,Pontue mais de %1% no modo infinito com 6 orbes de pulo,Totalizza più di %1% in Modalità infinita con 6 Sfere salto,Sonsuz modda 6 zıplama küresi ile en az %1% puan al,تسجيل %1% أو أكثر في الوضع اللانهائي مع امتلاك 6 من كرات القفز,ทำ​คะแนน​ใน​โหมด​ไร้​จุดจบ​ได้​มากกว่า %1% โดย​ใช้​ลูก​แก้ว​กระโดด 6 ลูก,Få minst %1% poäng i oändliga läget med 6 hoppklot,Uzyskaj wynik ponad %1% punktów w trybie nieskończonym z 6 kulami skoku,64,64,64,64,64,64,64,64,64,64,64,32,32,32,
trophy endless score 4,requirement for unlocking this trophy,64,32,Score over %1% in endless mode with 4 jump orbs,エンドレスモード:\nジャンプ玉4個で%1%点以上獲得する,무한 모드에서 4개의 점프 오브로 %1%점 이상 점수 내기,使用4個跳跳球在無盡模式獲得超過%1%分,Marquez plus de %1% en mode infini avec 4 orbes de saut,Erreiche im Endlosmodus über %1% Punkte mit 4 Sprungkugeln,Consigue más de %1% puntos en el modo Interminable con 4 orbes de salto,Obtén más de %1% puntos en modo Interminable con 4 orbes de salto,Pontue mais de %1% no modo infinito com 4 orbes de pulo,Totalizza più di %1% in Modalità infinita con 4 Sfere salto,Sonsuz modda 4 zıplama küresi ile en az %1% puan al,تسجيل %1% أو أكثر في الوضع اللانهائي مع امتلاك 4 من كرات القفز,ทำ​คะแนน​ใน​โหมด​ไร้​จุดจบ​ได้​มากกว่า %1% โดย​ใช้​ลูก​แก้ว​กระโดด 4 ลูก,Få minst %1% poäng i oändliga läget med 4 hoppklot,Uzyskaj wynik ponad %1% punktów w trybie nieskończonym z 4 kulami skoku,64,64,64,64,64,64,64,64,64,64,64,32,32,32,
trophy endless score 2,requirement for unlocking this trophy,64,32,Score over %1% in endless mode with 2 jump orbs,エンドレスモード:\nジャンプ玉2個で%1%点以上獲得する,무한 모드에서 2개의 점프 오브로 %1%점 이상 점수 내기,使用2個跳跳球在無盡模式獲得超過%1%分,Marquez plus de %1% en mode infini avec 2 orbes de saut,Erreiche im Endlosmodus über %1% Punkte mit 2 Sprungkugeln,Consigue más de %1% puntos en el modo Interminable con 2 orbes de salto,Obtén más de %1% puntos en modo Interminable con 2 orbes de salto,Pontue mais de %1% no modo infinito com 2 orbes de pulo,Totalizza più di %1% in Modalità infinita con 2 Sfere salto,Sonsuz modda 2 zıplama küresi ile en az %1% puan al,تسجيل %1% أو أكثر في الوضع اللانهائي مع امتلاك 2 من كرات القفز,ทำ​คะแนน​ใน​โหมด​ไร้​จุดจบ​ได้​มากกว่า %1% โดย​ใช้​ลูก​แก้ว​กระโดด 2 ลูก,Få minst %1% poäng i oändliga läget med 2 hoppklot,Uzyskaj wynik ponad %1% punktów w trybie nieskończonym z 2 kulami skoku,64,64,64,64,64,64,64,64,64,64,64,32,32,32,
trophy endless average,requirement for unlocking this trophy,64,32,Get an average score higher than %1% in endless mode with %2% jump orbs,エンドレスモード:\nジャンプ玉%2%個でスコア平均\n%1%点以上獲得する,무한 모드에서 %2%개의 점프 오브로 %1%점 이상의 평균 점수 내기,使用%2%個跳跳球在無盡模式獲得高於%1%的平均得分,Obtenez une moyenne supérieure à %1% en mode infini avec %2% orbes de saut,Erreiche im Endlosmodus mit %2% Sprungkugeln einen durchschn. Punktestand über %1%,Consigue un promedio de más de %1% puntos en el modo Interminable con %2% orbes de salto,Obtén un promedio mayor a %1% en modo Interminable con %2% orbes de salto,Tenha uma média maior que %1% no modo infinito com %2% orbes de pulo,Ottieni un punt. medio > %1% in Mod. infinita con %2% Sfere salto,Sonsuz modda %2% zıplama küresi ile en az %1% ortalama puan al,تسجيل متوسط %1% أو أكثر في الوضع اللانهائي مع امتلاك %2% من كرات القفز,ทำ​คะแนน​เฉลี่ย​ใน​โหมด​ไร้​จุดจบ​ได้​มากกว่า %1% โดย​ใช้​ลูก​แก้ว​กระโดด %2% ลูก,Få minst %1% i snittpoäng i oändliga läget med %2% hoppklot,Uzyskaj średni wynik wyższy niż %1% punktów w trybie nieskończonym z %2% kulami skoku,64,64,64,64,64,64,64,64,64,64,64,32,32,32,
trophy puzzle all clear,requirement for unlocking this trophy,64,32,Clear all puzzle levels,パズルをすべてクリアする,모든 퍼즐 레벨 통과하기,完成所有挑戰關卡,Terminez tous les niveaux de puzzles,Löse alle Puzzle-Level,Supera todos los niveles del puzle,Supera todos los niveles del modo recreo,Conclua todos os níveis do puzzle,Completa tutti i livelli con puzzle,Tüm bulmaca seviyelerini tamamla,إكمال كل مستويات الألغاز,เคลียร์​เลเวล​ปริศนา,Klara alla pusselbanor,Ukończ wszystkie łamigłówki,64,64,64,64,64,64,64,64,64,64,64,32,32,32,
,,,,,,,,,,,,,,,,,,,,,,,,,,,,,,,,,
tutorial swipe to jump,as in press a finger down and swipe and release to jump,32,16,Swipe to JUMP,スワイプでジャンプ,스와이프해서 점프,滑動手指跳躍,Balayez pour SAUTER,"Wische, um zu SPRINGEN!",Desliza para SALTAR,Desliza para SALTAR,Deslize para PULAR,Scorri con il dito per SALTARE,ZIPLAMAK için kaydır,مرّر للقفز,ปัด​เพื่อ​กระโดด,Svep för att HOPPA,"Przesuń palcem, aby SKOCZYĆ",32,32,32,32,32,32,32,32,32,32,32,16,16,16,
tutorial gamepad ls to jump,gamepad controls: left stick (%1%) to aim then press A button (%2%) to jump,32,16,%1% to aim\nthen press %2% to JUMP,左スティックで狙って\nAボタンでジャンプ,%1%으로 조준하고\n%2%을 눌러 점프,用%1%瞄準\n再按%2%跳躍,Visez avec %1%\net SAUTEZ avec %2%,"Ziele mit %1%,\ndann SPRINGE mit %2%!",%1%: apuntar\ny %2%: SALTAR,Apunta con %1%\ny SALTA con %2%,Mirar: %1%\nPULAR: aperte %2%,Mira con %1%\ne SALTA con %2%,%1% ile hedef al\nve %2% ile ZIPLA,%1% للتصويب\nثم ضغط %2% للقفز,%1% เพื่อ​เล็ง​\nจาก​นั้น​กด %2% เพื่อ​กระโดด,Sikta med %1%\noch tryck på %2% för att HOPPA,"%1%, aby wycelować,\ni %2%, aby SKOCZYĆ",32,32,32,32,32,32,32,32,32,32,32,16,16,16,
tutorial tap slam down,as in press a finger down and quickly release while the player character is in the air to slam down,32,16,Tap while in the air to SLAM DOWN,空中にいるとき\nタップでスラム,공중에 있을 때 탭해서 슬램 다운,在空中輕按，施展向下重擊,Touchez en l'air pour PIQUER AU SOL,"Tippe zum ZUSCHLAGEN,\nwenn du in der Luft bist!",Toca en el aire para PICADO,Toca al saltar y da un PISOTÓN,Toque enquanto estiver no ar para BATER,Tocca in volo per SCHIANTO,DALIŞ için havadayken dokun,انقر في الهواء للضرب تحتك,แตะ​ขณะ​อยู่​กลาง​อากาศ​เพื่อ​ทิ้ง​ตัว​ลง​มา,Tryck när du är i luften för att MOSA,"Dotknij, gdy postać jest w powietrzu, aby PLASNĄĆ",32,32,32,32,32,32,32,32,32,32,32,16,16,16,
tutorial gamepad slam down,%1% is to be replaced by B button,32,16,Press %1% in the air to SLAM DOWN,空中でBボタンでスラム,공중에 있을 때 %1%을 눌러서 슬램 다운,在空中按%1%，施展向下重擊,Appuyez sur %1% pour PIQUER AU SOL,"Drücke zum ZUSCHLAGEN %1%,\nwenn du in der Luft bist!",Pulsa %1% en el aire para PICADO,Usa %1% al saltar y da un PISOTÓN,Aperte %1% no ar para BATER,Tocca %1% in volo per SCHIANTO,Havadayken %1% ile DAL,ضغط %1% في الهواء للانقضاض,แตะ %1% ขณะ​อยู่​กลาง​อากาศ​เพื่อ​ทิ้ง​ตัว​ลง​มา,Tryck på %1% när du är i luften för att MOSA,"Naciśnij %1%, gdy postać jest w powietrzu, aby PLASNĄĆ",32,32,32,32,32,32,32,32,32,32,32,16,16,16,
tutorial jump again,as in perform the jump control while in the air to jump again (air jump),32,16,Jump again while in the air to AIR JUMP,空中でスワイプで\n空中ジャンプ,공중에 있을 때 다시 점프해서 공중 점프,在空中再次跳躍，施展空中跳躍,Balayez en l'air pour un SAUT AÉRIEN,"Springe für einen LUFTSPRUNG erneut,\nwenn du in der Luft bist!",Salta de nuevo en el aire para SALTO AÉREO,Desliza dos veces para dar un SALTO AÉREO,Pule novamente para PULAR NO AR,Salta in volo per SALTO AEREO,HAVADA ZIPLAMA için tekrar zıpla,اقفز مجددًا في الهواء لتأدية قفزة هوائية,กระโดด​อีก​ครั้ง​ขณะ​อยู่​กลาง​อากาศ​เพื่อ​กระโดด​กลาง​อากาศ,Hoppa igen i luften för att LUFTHOPPA,"Podskocz w locie, aby wykonać SKOK W POWIETRZU",32,32,32,32,32,32,32,32,32,32,32,16,16,16,
,,,,,,,,,,,,,,,,,,,,,,,,,,,,,,,,,
tutorial juiceman hello,video of this sequence can be viewed here https://www.notion.so/moppin/Poinpy-localization-document-01f94f424e7a4801ae658910d89e1b31#9eb229c513f443fb84ce094cc5695b7b,72,48,"Oh![delay,600] Hello!","あっ！[delay,600]こんにちは～","오![delay,600] 안녕!","嗨！[delay,600]你好！","Oh ![delay,600] Salut !","Oh![delay,600] Hallo!","¡Oh![delay,600] ¡Hola!","¡Ah![delay,600] ¡Hola!","Ah![delay,600] Olá!","Oh![delay,600] Ciao!","Ah![delay,600] Merhaba!","أوه! [delay,600] مرحبًا!","โอ๊ะ![delay,600] สวัสดี!","Åh![delay,600] Hej!","Och![delay,600] Witaj!",72,72,72,72,72,72,72,72,72,72,72,48,48,48,
tutorial juiceman make me,,72,48,"To pass through here, you must pay the toll... [delay,600]with Fruit Juice!","ここでは　つうこうりょうとして\nフルーツジュースをいただいてるよ","여기를 지나가려면 통행세를 내야 해... [delay,600]과일 주스로!","想通過就得付過路費……[delay,600]給我好喝的果汁！","Pour passer, tu dois payer le péage... [delay,600]en jus de fruits !","Um hier vorbeizukommen, musst du Zoll bezahlen ... [delay,600]und zwar mit Fruchtsaft!","Si quieres pasar, paga el peaje... [delay,600]¡con zumo de frutas!","Para pasar debes pagar la cuota... [delay,600]¡con jugo de fruta!","Pra passar é preciso pagar uma taxa... [delay,600]de suco de fruta!","Per passare di qui devi pagarmi in... [delay,600]Succo di frutta!","Buradan geçmek için bedelini ödemelisin... [delay,600]Meyve Suyu ile!","كي تمر من هنا عليك دفع الثمن… [delay,600]باستخدام عصير الفاكهة!","ถ้า​จะ​ผ่าน​ตรง​นี้​ก็​ต้อง​จ่าย​ค่า​ผ่าน​ทาง... [delay,600]เป็น​น้ำ​ผล​ไม้​นะ!","Vill du komma vidare? Då får du betala tullavgiften... [delay,600]i fruktsaft!","Aby przejść dalej, musisz uiścić opłatę… [delay,600]płacąc sokiem owocowym!",72,72,72,72,72,72,72,72,72,72,72,48,48,48,
tutorial juiceman recipe,,72,48,"This thing up here\nis the ""Juice Recipe"".","この上のやつが\nジュースの「レシピ」[delay,600]","여기 위에\n""주스 레시피""가 있어.",上面這個是\n「果汁食譜」。,"En haut, tu peux voir\nla « recette du jus ».",Das Ding hier oben\nist das „Saftrezept“.,"Eso de arriba\nes la ""receta de zumo"".","Aquí arriba está\nla ""receta del jugo"".","Essa coisa aí em cima\né a ""receita de suco"".","Questa cosa in alto\nè la ""Ricetta del succo"".","Bu yukarıdaki şey\n""Meyve Suyu Tarifi"".","هذا الشيء الموجود\nبالأعلى هو ""وصفة العصير.""","ที่​อยู่​บน​นี้​คือ\n""สูตร​น้ำ​ผลไม้""",Grejen här uppe\när saftreceptet.,Na górze widzisz\n„Przepis na sok”.,72,72,72,72,72,72,72,72,72,72,72,48,48,48,
tutorial juiceman squash,,72,48,"Get the fruits in the Recipe,[delay,600] then land on the ground to make some Juice!","レシピのフルーツ　まとめてとって\nつぶしてジュースをつくってね","레시피에 있는 과일을 모아서[delay,600] 착지하면 주스를 만들 수 있어!","收集食譜需要的水果，[delay,600]然後向下重擊地面，榨出果汁！","Récupère les fruits de la recette,[delay,600] puis atterris pour faire du jus !","Sammle die Früchte aus dem Rezept[delay,600] und lande dann, um Saft zu machen!","¡Coge las frutas de la receta[delay,600] y aterriza para hacer el zumo!","Consigue las frutas de la receta[delay,600] ¡y pisa el suelo para preparar el jugo!","Pegue as frutas na receita,[delay,600] e caia no chão para fazer o suco!","Prendi la frutta richiesta[delay,600] e atterra per preparare del Succo!","Tarifteki meyveleri al,[delay,600] ve ardından Meyve Suyu yapmak için yere in!","اجلب الفاكهة في الوصفة، [delay,600] ثم اهبط على الأرض لتصنع بعض العصير!","หา​ผลไม้​ตาม​สูตร​มา[delay,600] จาก​นั้น​ก็​ลงพื้น​เพื่อ​ทำ​น้ำ​ผลไม้​นะ!","Samla frukterna i receptet,[delay,600] landa sedan på marken för att göra saft!","Zdobądź owoce z przepisu,[delay,600] a następnie wyląduj, żeby przygotować sok!",72,72,72,72,72,72,72,72,72,72,72,48,48,48,
tutorial juiceman good,,72,48,Mmm delicious!,"うまい[delay,300]　あまい[delay,300]　おいしい","냠냠, 맛있네!",真好喝！,"Miam, délicieux !",Hmmm ... köstlich!,"¡Mmm, está riquísimo!","Mmm, ¡riquísimo!","Hum, que delícia!","Mmm, delizioso!","Mmm, nefis!","ممم، لذيذ!",อื้ม อร่อย!,Mmmums!,"Mmm, pyszne!",72,72,72,72,72,72,72,72,72,72,72,48,48,48,
tutorial juiceman fast test,,72,48,Now for some added challenge.,つぎはすこし　むずかしくなるよ,이제 좀 더 어려운 걸 해볼까.,不過困難的還在後頭呢。,Compliquons un peu les choses à présent.,Jetzt wird es ein bisschen kniffliger.,Vamos a complicarlo un poco.,"Bien, vamos a agregar otro desafío.",Agora vamos aumentar o desafio.,E ora qualche sfida aggiuntiva.,Şimdi biraz daha zorlaştıralım.,والآن لنزِد من قدر التحدي.,ทีนี้​ก็​เพิ่ม​ความ​ท้าทาย​กัน​หน่อย,Ska vi göra det lite svårare?,Teraz czeka nas dodatkowe wyzwanie.,72,72,72,72,72,72,72,72,72,72,72,48,48,48,
tutorial juiceman see timer,,72,48,See this thing counting down?,"ここのこれがほら\n[delay,1200]へっていくよ",여기 시간 가는 거 보이지?,看到食譜正在倒數了嗎？,Tu vois ce compte à rebours ?,"Siehst du das Ding, das die Zeit runterzählt?",¿Ves esta nube de cuenta atrás?,¿Ves cómo avanza el indicador?,Está vendo esse treco em contagem regressiva?,Lo vedi questo contatore?,Şu sayacı görüyor musun?,أترى العد التنازلي هذا؟,เห็น​ที่​นับ​ถอย​หลัง​อยู่​นี่​มั้ย?,Ser du hur den räknar ner?,Widzisz to odliczanie?,72,72,72,72,72,72,72,72,72,72,72,48,48,48,
tutorial juiceman beat timer,,72,48,Make more Juice before the timer runs out!,"じかんぎれになるまえにジュースを\nつくってね",시간이 다 가기 전에 주스를 더 만들어!,你得在倒數結束前榨出更多果汁！,Fais plus de jus avant qu'il ne tombe à zéro !,"Mach mehr Saft, bevor die Zeit um ist!",¡Prepara más zumo antes de que se acabe el tiempo!,¡Prepara más jugo antes de que se acabe el tiempo!,Faça mais suco antes que o tempo acabe!,Prepara altro Succo prima che il contatore si esaurisca!,Süre dolmadan daha çok Meyve Suyu yap!,اصنع المزيد من العصير قبل أن ينتهي!,ทำ​น้ำ​ผลไม้​เพิ่ม​จนกว่า​เวลา​จะ​หมด​นะ!,Gör mer saft innan tiden tar slut!,"Zrób więcej soku, zanim upłynie czas!",72,72,72,72,72,72,72,72,72,72,72,48,48,48,
tutorial juiceman timer fail,,72,48,"Whoops![delay,600] Let’s try that again.","あらら！[delay,600]もっかいやってみよっか","이런![delay,600] 다시 해보자.","哎呀！[delay,600]再試一次看看。","Oups ![delay,600] Réessayons.","Ups![delay,600] Lass es uns nochmals versuchen.","¡Lástima![delay,600] Inténtalo otra vez.","¡Uy![delay,600] Intentémoslo otra vez.","Vixe![delay,600] Vamos tentar de novo.","Ops![delay,600] Riproviamo.","Hay aksi![delay,600] Bir daha deneyelim.","لا بأس![delay,600] لنجرب مجددًا.","โอ๊ะ![delay,600] ลอง​อัน​นั้น​ใหม่​กัน​เถอะ","Hoppsan![delay,600] Försök en gång till.","Ups![delay,600] Spróbuj ponownie.",72,72,72,72,72,72,72,72,72,72,72,48,48,48,
tutorial juiceman delicious,,72,48,"That was some good juicing.\n[delay,600]I'm so full!","あ～おいしかった\n[delay,600]おなかいっぱいだ！","정말 맛있는 주스네.\n[delay,600]아, 배불러!","你真會榨果汁。\n[delay,600]我喝得好飽！","Excellent pressage de jus.\n[delay,600]Je suis rassasié !","Du bist ein Profi-Saftmischer!\n[delay,600]Mein Bauch schwappt fast über!","El zumo estaba buenísimo.\n[delay,600]¡Estoy lleno!","Qué buen sabor.\n[delay,600]¡Estoy que reviento!","Foi um suco e tanto.\n[delay,600] Estou tão cheio!","Il succo era strepitoso.\n[delay,600]Sono pieno!","Nefis bir meyve suyuydu.\n[delay,600]Doydum!","كان هذا عصيرًا لذيذًا.\n[delay,600]لقد شبعت!","ทำ​น้ำ​ผลไม้​อร่อย​เลย​นะ​นั่น\n[delay,600]​ฉัน​นี่​อิ่ม​แปล้​เลย!","Där saft den! Du kan ju det här.\n[delay,600]Jag är mätt!","Świetna robota!\n[delay,600]Mam pełny brzuch!",72,72,72,72,72,72,72,72,72,72,72,48,48,48,
tutorial juiceman farewell,,72,48,"I'll let you on through.[delay,600]\nGood luck up there!","ごちそうさまでした！[delay,600]\nうえにいけるようにするね","그럼, 지나가봐.[delay,600]\n행운을 빌게!","你可以通過了。[delay,600]\n祝你一路順風！","Je vais te laisser passer.[delay,600]\nBonne chance là-haut !","Du darfst jetzt passieren.[delay,600]\nViel Glück da oben!","Te dejaré pasar.[delay,600]\n¡Buena suerte por ahí arriba!","Te dejaré pasar.[delay,600]\n¡Buena suerte!","Vou deixar você ir adiante.[delay,600]\nBoa sorte!","Ora puoi passare.[delay,600]\nBuona fortuna, lassù!","Geçmene izin vereceğim.[delay,600]\nYukarıda bol şans!","سأسمح لك بالمرور.[delay,600]\nحظًا موفقًا بالأعلى!","ฉัน​จะ​ให้​คุณ​ผ่าน​ไป​นะ[delay,600]\nโชค​ดี​เน้อ!","Jag låter dig fortsätta.[delay,600]\nLycka till där uppe!","Pozwolę ci przejść.[delay,600]\nPowodzenia!",72,72,72,72,72,72,72,72,72,72,72,48,48,48,
,,,,,,,,,,,,,,,,,,,,,,,,,,,,,,,,,
ending dialog 00 poinpy,please see context of the ending dialog in the document page https://www.notion.so/moppin/Poinpy-localization-document-01f94f424e7a4801ae658910d89e1b31#3369b14f84194c6f8063d2e2519d41fd,52,26,POINPY...,ポインピーよ...,포인피...,砰比……,POINPY...,POINPY ...,POINPY...,POINPY...,POMPI...,POINPY...,POINPY...,بوينبي…,พอยน์​ปี..,POINPY...,POINPY…,52,52,52,52,52,52,52,52,52,52,52,26,26,26,
ending dialog 01 thank you,,52,26,THANK YOU FOR THE\nDELICIOUS JUICE...,おいしいジュース\nありがとう...,맛있는 주스\n고마워...,謝謝你為了我\n榨出美味的果汁……,MERCI POUR CE\nJUS DÉLICIEUX...,ICH DANKE DIR FÜR DEN\nHERRLICHEN SAFT ...,GRACIAS POR ESE\nZUMO TAN BUENO...,GRACIAS POR TODO\nEL EXQUISITO JUGO...,OBRIGADO PELO\nSUCO DELICIOSO...,GRAZIE PER QUEL\nSUCCO DELIZIOSO...,NEFİS MEYVE SUYU İÇİN\nTEŞEKKÜRLER...,شكرًا\nعلى العصير اللذيذ…,ขอบคุณ​สำหรับ\nน้ำ​ผลไม้​อร่อยๆ นะ..,TACK FÖR DEN UTSÖKTA\nSAFTEN...,DZIĘKUJĘ ZA\nPYSZNY SOK…,52,52,52,52,52,52,52,52,52,52,52,26,26,26,
ending dialog 02 lost control,,52,26,IT WAS SO SCRUMPTIOUS THAT I LOST CONTROL AND,あまりのおいしさに\nいきおいあまって,너무 맛있어서 정신없이 먹었어,這些果汁好喝到我無法自拔,UN TEL DÉLICE M'A FAIT PERDRE LE CONTRÔLE ET,"ES WAR SO LECKER, DASS ICH DIE KONTROLLE VERLOREN","ESTABA TAN RICO, QUE PERDÍ EL CONTROL Y",TAL DELICIA HIZO QUE PERDIERA EL CONTROL,ESTAVA TÃO SABOROSO QUE PERDI AS ESTRIBEIRAS,LA DELIZIA HA PRESO IL SOPRAVVENTO SU DI ME,KENDİMİ LEZZETİNE ÖYLE KAPTIRDIM Kİ,"كانت مذاقها لذيذ، فقدت السيطرة على نفسي و",มัน​น่า​ปลื้ม​ปีติ​เสีย​จน​ฉัน​ควบคุม​ตัวเอง​ไม่​ได้​เลย,DEN VAR SÅ GOD ATT JAG TAPPADE KONTROLLEN OCH,"ZATRACIŁEM SIĘ W PRZYJEMNOŚCI DO TEGO STOPNIA,",52,52,52,52,52,52,52,52,52,52,52,26,26,26,
ending dialog 03 destroy reality,,52,26,SEEM TO HAVE DESTROYED\nTHE FABRIC OF REALITY...,せかいをこわして\nしまったようだ...,아무래도 내가 현실의\n틀을 망가트린 것 같네...,我完全沒注意到\n自己摧毀了現實的結構……,JE CROIS AVOIR ALTÉRÉ\nLA TRAME DE LA RÉALITÉ...,UND WOHL DAS RAUMZEITGEFÜGE\nZERSTÖRT HABE ...,PARECE QUE DESTRUÍ\nEL TEJIDO DE LA REALIDAD...,Y CREO QUE DESTRUÍ\nEL TEJIDO DE LA REALIDAD...,E ATÉ MESMO DESTRUÍ\nO TECIDO DA REALIDADE...,E CREDO DI AVER DISTRUTTO\nIL TESSUTO DELLA REALTÀ.,GÖRÜNÜŞE GÖRE\nGERÇEKLİĞİN DOKUSUNU YOK ETMİŞİM...,أنني مزقت\nنسيج الواقع…,เหมือน​ฉัน​จะ​ทำลาย\nโครงสร้าง​แห่ง​ความ​เป็น​จริง​ซะ​แล้ว..,RÅKADE RIVA UPP VÄVEN\nSOM BINDER VERKLIGHETEN...,ŻE CHYBA ZNISZCZYŁEM\nDELIKATNĄ RZECZYWISTOŚĆ…,52,52,52,52,52,52,52,52,52,52,52,26,26,26,
ending dialog 04 pause,,52,26,...,...,...,……,...,...,...,...,...,...,...,...,..,...,…,52,52,52,52,52,52,52,52,52,52,52,26,26,26,
ending dialog 05 consciousness,,52,26,WE'RE AT THE EDGE\nOF OUR CONSCIOUSNESS...,ここは\nいしきのはざま...,우린 지금\n인식의 경계에 있어...,我們正身處\n潛意識的緣界……,NOUS SOMMES À LA LIMITE\nDE NOTRE CONSCIENCE...,WIR SCHWEBEN AM RANDE\n UNSERES BEWUSSTSEINS ...,ESTAMOS AL LÍMITE\nDE NUESTRA CONCIENCIA...,LLEGAMOS AL LÍMITE\nDE NUESTRA CONSCIENCIA...,ESTAMOS NO LIMITE\nDA NOSSA CONSCIÊNCIA...,CI TROVIAMO AI CONFINI\nDELLA NOSTRA COSCIENZA...,BİLİNCİMİZİN\nEŞİĞİNDEYİZ...,لقد بلغنا أقصى\nحدود وعينا…,เรา​อยู่​ที่​ปลาย​สุด\nแห่ง​สติสัมปชัญญะ​แล้ว..,VI BEFINNER OSS VID\nMEDVETANDETS YTTERSTA GRÄNS...,JESTEŚMY NA SKRAJU\nŚWIADOMOŚCI…,52,52,52,52,52,52,52,52,52,52,52,26,26,26,
ending dialog 06 world collapse,,52,26,SOON THIS WORLD WILL\nCOLLAPSE INTO NOTHINGNESS,もうじきこのせかいは\nきえてなくなり,이 세계는 곧\n무너져 없어질 거야,這個世界馬上\n就要崩解於無形,CE MONDE S'EFFONDRERA\nBIENTÔT DANS LE NÉANT,SCHON BALD WIRD SICH\nDIESE WELT IM NICHTS AUFLÖSEN,"PRONTO, LA NADA\nENGULLIRÁ ESTE MUNDO",ESTE MUNDO PRONTO\nDESAPARECERÁ EN LA NADA,LOGO ESTE MUNDO SERÁ\nENGOLIDO PELO NADA,PRESTO QUESTO MONDO\nSPROFONDERÀ NEL NULLA,YAKINDA BU DÜNYA\nHİÇLİĞE DÖNÜŞECEK,"قريبًا، سينهار هذا العالم\nعلى نفسه ليصير عدمًا",อีก​ไม่​นาน​โลก​นี้​จะ\nล่ม​สลาย​สู่​ความ​ว่าง​เปล่า,SNART KOMMER VÄRLDEN ATT\nKOLLAPSA TILL INGENTING,NIEDŁUGO TEN ŚWIAT\nZATONIE W NICOŚCI,52,52,52,52,52,52,52,52,52,52,52,26,26,26,
ending dialog 07 turn to nothing,,52,26,AND ONLY FRAGMENTS OF MEMORIES WILL REMAIN...,すべてはおもいでに\nとどまるだろう...,기억의 조각만 남게 되겠지...,只有零散的記憶會留下……,ET IL N'EN RESTERA QUE DES BRIBES DE SOUVENIRS...,UND NUR ERINNERUNGSBRUCHSTÜCKE WERDEN ÜBERDAUERN ...,Y SOLO QUEDARÁN RETAZOS DE RECUERDOS...,Y SOLO QUEDARÁN FRAGMENTOS DE RECUERDOS...,E SÓ RESTARÃO ALGUNS FRAGMENTOS DE MEMÓRIAS...,E NON RIMARRANNO CHE FRAMMENTI DI RICORDI...,VE SADECE ANI PARÇALARI KALACAK...,ولن يبقى شيء سوى شظايا من ذكرياتنا…,ที่​เหลือ​อยู่​จะ​มี​เพียง​เศษ​เสี้ยว​ความ​ทรง​จำ​เท่านั้น,OCH SEN ÅTERSTÅR BARA FRAGMENT AV MINNEN...,POZOSTANĄ TYLKO URYWKI WSPOMNIEŃ…,52,52,52,52,52,52,52,52,52,52,52,26,26,26,
ending dialog 08 pause,,52,26,...,...,...,……,...,...,...,...,...,...,...,...,..,...,…,52,52,52,52,52,52,52,52,52,52,52,26,26,26,
ending dialog 09 but,,52,26,BUT THEN...,だがポインピーよ...,그래도...,但是……,MAIS...,DOCH ...,PERO...,SIN EMBARGO...,MAS...,PERÒ...,AMA SONRA...,لكن حينها…,แต่​ถึง​อย่าง​นั้น,MEN SEN...,ALE NAWET WTEDY…,52,52,52,52,52,52,52,52,52,52,52,26,26,26,
ending dialog 10 even though,,52,26,"THOUGH THIS WORLD WILL\nREACH ITS INEVITABLE END,",このせかいは\nおわりをむかえるが,이 세계가 피할 수 없는\n끝을 맞이하더라도,就算這世界即將迎來\n不可避免的結局,"BIEN QUE CE MONDE TOUCHE\nINEXORABLEMENT À SA FIN,","AUCH WENN DIESE WELT\nIHREM ENDE ENTGEGENSCHWEBT,","AUNQUE ESTE MUNDO\nLLEGARÁ A SU INEVITABLE FINAL,","AUNQUE ESTE MUNDO\nLLEGUE A SU INEVITABLE FINAL,","AINDA QUE ESTE MUNDO\nCHEGUE AO SEU INEVITÁVEL FIM,","ANCHE SE IL MONDO\nGIUNGERÀ ALL'INEVITABILE FINE,","BU DÜNYA KAÇINILMAZ\nSONUNA ULAŞTIĞINDA,",رغم أن هذا العالم\nسيبلغ نهايته المحتومة,แม้​โลก​นี้​ต้อง​พบ​จุดจบ\nอย่าง​หลีก​เลี่ยง​ไม่​ได้,DEN HÄR VÄRLDEN GÅR MOT\nSIN OUNDVIKLIGA UNDERGÅNG...,"GDY NADEJDZIE\nNIEUCHRONNY KONIEC,",52,52,52,52,52,52,52,52,52,52,52,26,26,26,
ending dialog 11 meet again,,52,26,"WE ARE CERTAIN TO\nMEET AGAIN, POINPY.",われわれはまた\nきっとあえる,"우린 분명\n다시 만날 거야, 포인피",我們也一定會再相見\n親愛的砰比,"NOUS NOUS REVERRONS,\nC'EST CERTAIN, POINPY.","WERDEN WIR UNS\nGANZ SICHER WIEDERSEHEN, POINPY.","SEGURO QUE VOLVEREMOS\nA ENCONTRARNOS, POINPY,","SIN DUDA ALGUNA\nNOS VEREMOS DE NUEVO, POINPY.","COM CERTEZA VOLTAREMOS\nA NOS VER, POMPI.","NOI SICURAMENTE\nCI RINCONTREREMO, POINPY,",YİNE KARŞILAŞACAĞIZ\nPOINPY.,سنلتقي مجددًا\nيا بوينبي وبلا شك.,แต่​เรา​จะ​ได้​พบ​กัน​อีก\nแน่นอน พอยน์​ปี,"MEN VI KOMMER ATT\nTRÄFFAS IGEN, POINPY.","PRZYJDZIE NAM SIĘ\nJESZCZE SPOTKAĆ, POINPY.",52,52,52,52,52,52,52,52,52,52,52,26,26,26,
ending dialog 12 destiny,,52,26,SUCH IS THE WAY\nOF OUR DESTINY...,うんめいとは\nそういうものだ...,운명이 그렇게\n정해져 있으니까...,命運早已註定\n我們的緣分未盡……,CAR C'EST NOTRE\nDESTIN...,DIESEN WEG HAT\nDAS SCHICKSAL FÜR UNS BESTIMMT ...,PUES ASÍ LO HA DISPUESTO\nEL DESTINO...,ASÍ ES COMO ESTÁ MARCADO\nNUESTRO DESTINO...,POIS ESSE É\nO NOSSO DESTINO...,POICHÉ TALE\nÈ IL NOSTRO DESTINO...,KADERİMİZE BÖYLE\nYAZILMIŞ...,هذا هو\nمصيرنا…,ชะตา​ของ​เรา​กำหนด​ไว้\nแบบ​นั้น..,DET ÄR VÅRT ÖDE...,TAKIE JEST\nNASZE PRZEZNACZENIE…,52,52,52,52,52,52,52,52,52,52,52,26,26,26,
ending dialog 13 when we do,,52,26,"...SO IF AND WHEN\nWE DO MEET AGAIN,",...ふたたびあえた\nそのときは,... 그렇게 혹시\n우리가 다시 만나면,……我知道\n當我們再次相遇,"... DONC SI ET QUAND\nNOUS NOUS REVERRONS,","... FALLS UND WENN WIR\nUNS WIEDERSEHEN,","... ASÍ QUE, CUANDO NOS\nVOLVAMOS A ENCONTRAR,","... Y CUANDO NOS VOLVAMOS\nA ENCONTRAR,","E NÃO IMPORTA QUANDO\nOU ONDE ISSO ACONTEÇA,","SE E QUANDO NOI DUE\nCI RINCONTREREMO,",...TEKRAR\nKARŞILAŞIRSAK,"…وإذا ومتى\nالتقينا مجددًا،",... สัก​วัน​เรา​จะ\nได้​พบ​กัน​อีก,...SÅ OM OCH NÄR\nVI TRÄFFAS IGEN...,"…A GDY SIĘ\nJUŻ SPOTKAMY,",52,52,52,52,52,52,52,52,52,52,52,26,26,26,
ending dialog 14 feed me again,,52,26,I SHALL LOOK TO YOU TO\nFEED ME ONCE MORE...,またおいしいものを\nたのんだぞ...,그때도 배가 고프면\n꼭 널 찾을게...,我依然會需要你\n填飽我飢餓的肚子……,JE COMPTERAI SUR TOI POUR\nME NOURRIR À NOUVEAU...,SOLLST ERNEUT DU\nMEINEN DURST STILLEN ...,TE PEDIRÉ QUE VUELVAS\nA ALIMENTARME...,CONTARÉ CONTIGO\nPARA QUE ME ALIMENTES OTRA VEZ...,IREI ATÉ VOCÊ PARA QUE\nSACIE MINHA FOME DE NOVO...,SARAI TU A PLACARE\nNUOVAMENTE LA MIA FAME...,BENİ TEKRAR BESLEMENİ\nBEKLEYECEĞİM...,سأبحث عنك مجددًا\nلتشبع جوعي…,ฉัน​จะ​คอย​มอง​หา​คุณ\nให้​คุณ​เอา​ให้​ฉัน​กิน​อีก..,DÅ BER JAG DIG\nATT MATA MIG IGEN...,ZNÓW ZASPOKOISZ\nMÓJ GŁÓD…,52,52,52,52,52,52,52,52,52,52,52,26,26,26,
ending dialog 15 pause,,52,26,...,...,...,……,...,...,...,...,...,...,...,...,..,...,…,52,52,52,52,52,52,52,52,52,52,52,26,26,26,
ending dialog 16 times end,,52,26,...IT SEEMS WE HAVE\nREACHED OUR TIME'S END.,...そろそろ\nじかんのようだ,... 이곳에서의 시간은\n이제 다 된 것 같아,……看來我們抵達\n時間的盡頭了,... NOTRE TEMPS ENSEMBLE\nS'ACHÈVE ICI ET MAINTENANT.,"... ES SCHEINT, WIR SIND\nAM ENDE UNSERER ZEIT.",... PARECE QUE NUESTRO\nTIEMPO HA TERMINADO.,... PARECE QUE ESTE ES EL FIN\nDE NUESTRO TIEMPO.,PARECE QUE CHEGAMOS\nAO FIM DO NOSSO TEMPO.,A QUANTO PARE È GIUNTA\nLA FINE DEL NOSTRO TEMPO...,...GÖRÜNÜŞE GÖRE\nSONA GELDİK.,…يبدو أننا وصلنا\nإلى نهاية لقائنا.,... เหมือน​เรา​จะ​มา​ถึง\nจุดจบ​แห่ง​กาล​เวลา​ของ​เรา​แล้ว,...VÅR TID TILLSAMMANS\nÄR SLUT.,…CHYBA NASTAŁ\nKONIEC NASZEGO CZASU.,52,52,52,52,52,52,52,52,52,52,52,26,26,26,
ending dialog 17 glad to talk,,52,26,I AM GLAD WE\nGOT TO SPEAK...,おはなしができて\nよかった...,너한테 말할 수 있어서\n정말 너무 좋다...,我很高興能\n和你說到話……,JE SUIS CONTENT D'AVOIR\nPU DISCUTER AVEC TOI...,"ICH BIN FROH,\nDASS WIR GEREDET HABEN ...",ME ALEGRO DE QUE\nPUDIÉRAMOS HABLAR...,ME ALEGRA HABER TENIDO\nLA OPORTUNIDAD DE HABLARTE...,FICO FELIZ\nPOR TERMOS CONVERSADO...,SONO FELICE DI\nAVER PARLATO CON TE...,KONUŞABİLDİĞİMİZ\nİÇİN SEVİNDİM...,كان الحديث معك\nمن دواعي سروري…,ฉัน​ดีใจ​นะ​ที่​เรา\nได้​คุย​กัน..,DET GLÄDER MIG\nATT VI FICK TALAS VID...,"CIESZĘ SIĘ,\nŻE POROZMAWIALIŚMY…",52,52,52,52,52,52,52,52,52,52,52,26,26,26,
ending dialog 18 good bye,,52,26,"GOOD BYE, POINPY!",さらばだ！\nポインピー...,"안녕, 포인피!",再見了，砰比！,"AU REVOIR, POINPY !","AUF WIEDERSEHEN, POINPY!","¡ADIÓS, POINPY!","¡ADIÓS, POINPY!","ADEUS, POMPI!","A PRESTO, POINPY!",ELVEDA POINPY!,وداعًا يا بوينبي!,ลา​ก่อน​นะ พอยน์​ปี!,"FARVÄL, POINPY!","ŻEGNAJ, POINPY!",52,52,52,52,52,52,52,52,52,52,52,26,26,26,
ending dialog 19 thank you,,52,26,THANK YOU FOR TAKING\nGOOD CARE OF ME...,いつもありがとう...,날 보살펴 줘서\n정말 고마워...,謝謝你一直以來\n都這麼照顧我……,MERCI D'AVOIR SI BIEN PRIS\nSOIN DE MOI...,"DANKE, DASS DU DICH\nUM MICH GEKÜMMERT HAST ...",GRACIAS POR\nCUIDAR DE MÍ...,GRACIAS\nPOR CUIDARME TAN BIEN...,OBRIGADO POR CUIDAR\nTÃO BEM DE MIM...,GRAZIE PER TUTTE LE\nCURE E LE ATTENZIONI...,BANA İYİ BAKTIĞIN İÇİN\nTEŞEKKÜRLER...,شكرًا\nعلى اهتمامك بك…,ขอบคุณ​ที่​ดูแล​ฉัน\nเป็น​อย่าง​ดี..,TACK FÖR ATT DU\nTOG HAND OM MIG...,DZIĘKUJĘ ZA\nTWOJĄ TROSKĘ…,52,52,52,52,52,52,52,52,52,52,52,26,26,26,
ending dialog 20 i love you,,52,26,I LOVE YOU!,だいすきだぞ！,사랑해!,我愛你！,JE T'AIME !,DU BIST MIR SO WICHTIG!,¡TE QUIERO!,¡TE QUIERO!,EU TE AMO!,TI VOGLIO BENE!,SENİ SEVİYORUM!,أحبك!,ฉัน​รัก​คุณ!,JAG ÄLSKAR DIG!,KOCHAM CIĘ!,52,52,52,52,52,52,52,52,52,52,52,26,26,26,
,,,,,,,,,,,,,,,,,,,,,,,,,,,,,,,,,
,,,,,,,,,,,,,,,,,,,,,,,,,,,,,,,,,
abilitydata slam fruit suction name,Images for the abilities can be viewed here https://www.notion.so/moppin/Poinpy-localization-document-01f94f424e7a4801ae658910d89e1b31#b0a19915dc664594af0c9519e6f50b01,32,16,OCTOBUB,ペチャタコ,쭉쭉문어,章魚弟,POULPIBUB,OKTOKNUFF,PULPISOTÓN,PULPISOTÓN,ZÉ POLVINHO,POLPETTO,OCTOBUB,الأخطبوط الصغير,หมึก​พิฆาต,OKTOPONKE,OKTOPULP,32,32,32,32,32,32,32,32,32,32,32,16,16,16,
abilitydata slam fruit suction desc,,72,48,Suck in nearby fruits upon stomping on an enemy,敵を踏みつけると周辺のフルーツを吸いよせる,방해꾼을 밟으면 근처의 과일을 빨아들입니다,猛擊敵人時，會自動吸收附近的水果,Aspirez les fruits à proximité en écrasant un ennemi,"Sauge Früchte in der Nähe ein, wenn du auf einen Gegner stampfst.",Absorbe las frutas cercanas cuando pisotea a un enemigo.,Consume las frutas cercanas al pisotear a un enemigo,Atrai frutas próximas ao esmagar um inimigo,Attira la frutta vicina dopo un salto sui nemici,Bir düşmanı ezdikten sonra civardaki meyveleri topla,يمتص الفاكهة القريبة عند الدوس على أحد الأعداء,ดูด​ผลไม้​ที่​อยู่​ใกล้​เคียง​เข้า​มา​ขณะ​กระทืบ​ศัตรู,Sug in frukter i närheten när du stampar på fiender,Wciąga pobliskie owoce po naskoczeniu na wroga,72,72,72,72,72,72,72,72,72,72,72,48,48,48,
abilitydata wallkick fruit suction name,,32,16,FRUITPECKER,フルーツツツキ,과일 딱따구리,啄果鳥,PIQUE-FRUIT,FRUCHTSPECHT,PICAFRUTAS,PICAFRUTAS,PICA-FRUTA,SPICCHIO,MEYVE SEÇİCİ,نقار الفاكهة,ชิ่ง​กำแพง​ดูด,FRUKTSPETT,DZIĘCIOWOC,32,32,32,32,32,32,32,32,32,32,32,16,16,16,
abilitydata wallkick fruit suction desc,,72,48,Suck in nearby fruits upon wall jumping,壁ジャンプの瞬間周辺のフルーツを吸いよせる,벽을 밟고 점프하면 근처의 과일을 빨아들입니다,施展牆壁跳躍時，會自動吸收附近的水果,Aspirez les fruits à proximité en sautant sur un mur,"Sauge Früchte in der Nähe ein, wenn du einen Wandsprung ausführst.",Absorbe las frutas cercanas al saltar en una pared.,Consume las frutas cercanas al saltar en la pared,Atrai frutas próximas ao pular em paredes,Attira la frutta vicina dopo un salto sulle pareti,Duvar zıplamasından sonra civardaki meyveleri çek,يمتص الفاكهة القريبة عند القفز على الحائط,ดูด​ผลไม้​ที่​อยู่​ใกล้​เคียง​เข้า​มา​ขณะ​กระโดด​ไต่​กำแพง,Sug in frukter i närheten när du vägghoppar,Wciąga okoliczne owoce po naskoczeniu na ścianę,72,72,72,72,72,72,72,72,72,72,72,48,48,48,
abilitydata spin fruit suction name,,32,16,BIG SKIRTO,おしゃれ星人,왕치마족,大裙仔,GRAND JUPON,MAGNETOROCK,GRAN FALDÓN,GRAN FALDÓN,SAIÃO,GONNACCIONE,BÜYÜK ETEK,التنورة الضخمة,มือ​ยาว​สาว​เรียบ,KJOLIS,ROBOTKA,32,32,32,32,32,32,32,32,32,32,32,16,16,16,
abilitydata spin fruit suction desc,,72,48,Have a wider reach for fruits while spin jumping,クルクルジャンプの最中フルーツを吸いよせる,스핀 점프를 할 때 과일을 모으는 범위가 넓어집니다,跳躍旋轉時，能吸收距離更遠的水果,Obtenez une plus grande portée pour atteindre les fruits lors d'une vrille,Du hast beim Drehsprung eine größere Sammelreichweite für Früchte.,Tiene un mayor alcance de las frutas cuando salta girando.,Alcanza frutas más lejanas con un salto giratorio,Tenha um maior alcance de frutas durante um pulo giratório,Aumenta la portata di raccolta della frutta nei salti rotanti,Döner zıplama sırasında meyve menzilin daha da genişler,تمتلك مدى أوسع لالتقاط الفاكهة في أثناء القفزة الدوارة,ระยะ​เก็บ​ผลไม้​ไกล​ขึ้น​ขณะ​กระโดด​หมุน​ตัว,Nå fler frukter när du snurrhoppar,Szerszy zasięg sięgania po owoce podczas obrotowych skoków,72,72,72,72,72,72,72,72,72,72,72,48,48,48,
abilitydata damage jump recover name,,32,16,MUMMY PLUSHIE,マミぐるみ,미라 인형,木乃娃,MOMIE PELUCHE,MINIMUMIE,MOMIA DE PELUCHE,MOMIA DE PELUCHE,MÚMIA DE PELÚCIA,MUMMIETTA,OYUNCAK MUMYA,دمية المومياء,ตุ๊กตา​ของ​หม่า​ม้า,MUMIE,PLUSZOWA MUMIA,32,32,32,32,32,32,32,32,32,32,32,16,16,16,
abilitydata damage jump recover desc,,72,48,Gain all fruits in the recipe after taking damage,ダメージを受けるとレシピのフルーツを全てもらえる,대미지를 입으면 레시피의 모든 과일을 받습니다,受到傷害時，能獲得食譜的所有水果,Gagnez tous les fruits de la recette après avoir subi des dégâts,"Erhalte alle Früchte aus dem Rezept, nachdem du Schaden erlitten hast.",Consigue todas las frutas de la receta después de recibir daño.,Consigue todas las frutas de la receta tras recibir daño,Ganhe todas as frutas da receita ao sofrer dano,Ottieni tutta la frutta della Ricetta dopo aver subito danni,Hasar alınca tarifteki tüm meyveleri kazan,احصل على كل الفاكهة الموجودة في الوصفة بعد تلقي الضرر,ได้​ผลไม้​ทั้งหมด​ใน​สูตร​หลัง​จาก​ได้​รับ​ความ​เสีย​หาย,Få alla frukter i receptet när du tagit skada,Umożliwia zebranie wszystkich owoców z przepisu po otrzymaniu obrażeń,72,72,72,72,72,72,72,72,72,72,72,48,48,48,
abilitydata aim focus extend name,,32,16,TEMPORAL ELEPHANT,ゾウの時間,속세의 코끼리,緩時象,ÉLÉPHANTEMPOREL,ZEITELEFANT,TEMPELEFANTE,ELEFANTE TEMPORAL,TEMPOFANTE,TEMPOFANTE,GEÇİCİ FİL,الفيل الزمني,ช้าง​กาล​เวลา,TIDSELEFANT,CZASOWY SŁONIK,32,32,32,32,32,32,32,32,32,32,32,16,16,16,
abilitydata aim focus extend desc,,72,48,Unlimited slow-mo time while aiming for a jump,狙い定め中のスローモーションがずっと続く,점프를 조준하는 동안 시간이 한없이 느리게 갑니다,瞄準跳躍方向時，慢動作不再有時間限制,Ralenti illimité pour viser lors d'un saut,"Unbegrenzte Zeitlupe, während du für einen Sprung zielst.",Pasa a cámara lenta sin límite de tiempo mientras preparas un salto.,Ralentización ilimitada al apuntar para realizar un salto,Desaceleração ilimitada do tempo ao mirar um pulo,Tempo rallentato illimitato mentre miri per saltare,Zıplama hedefi alırken sınırsız ağır çekim,وقت بطيء لا ينتهي في أثناء التصويب من أجل القفز,เมื่อ​เล็ง​โดด​แล้ว​เวลา​จะ​ช้า​ลง​อย่าง​ไร้​ที่​สิ้น​สุด,Obegränsad slowmotiontid medan du siktar in dina hopp,Nielimitowany czas w zwolnionym tempie podczas wymierzania skoku,72,72,72,72,72,72,72,72,72,72,72,48,48,48,
abilitydata wall jump higher name,,32,16,PRISMER,プリズム太郎,꼬마프리즘,三稜鏡,PRISMEUR,PRISMER,PRISMADOR,PRISMÁNGULO,PRISMÍDIO,PRISMATORE,PRİZMA,المنشور,ดึ๋ง​หลาย​เฉด,PRISMER,PRYZMACIK,32,32,32,32,32,32,32,32,32,32,32,16,16,16,
abilitydata wall jump higher desc,,72,48,Wall bounce at a higher angle and power,壁ジャンプがより高くなる,벽에서 더 높은 각도로 강하게 튕겨집니다,增加牆壁反彈的角度與力道,Sautez sur un mur avec un angle et une puissance plus élevés,Dein Wandsprung wird höher und weiter.,Rebota en las paredes con un ángulo más elevado y más potencia.,Rebota en la pared con un mayor ángulo y más potencia,Quique em paredes com ângulo e força mais elevados,Rimbalza sulle pareti con angolo e potenza maggiori,Daha yüksek bir açı ve güçle duvardan zıpla,يرتد عن الحائط بزوايا وقوى أعلى,เด้ง​กำแพง​เป็น​มุม​สูง​ขึ้น​และ​แรง​ขึ้น,Väggstudsa med högre vinkel och mer kraft,Odbijaj się od ściany pod większym kątem i z większą mocą,72,72,72,72,72,72,72,72,72,72,72,48,48,48,
abilitydata juice resurrection name,,32,16,FRUIT OFFERING,お供え物,과일 선물,水果供品,OFFRANDE DE FRUITS,FROPFER,OFRENDA DE FRUTAS,FRUTOFRENDA,OFERENDA DE FRUTAS,OFFERTA DI FRUTTA,MEYVE BAĞIŞI,قربان الفاكهة,ผลไม้​เซ่น​ไหว้,FRUKTGÅVA,OWOCOWA OFIARA,32,32,32,32,32,32,32,32,32,32,32,16,16,16,
abilitydata juice resurrection desc,,72,48,Successfully making juice after death will resurrect you once,死んじゃった後でジュースができたら１度だけ生き返る,죽은 후에 주스 만들기에 성공하면 한 번 부활합니다,死亡時成功榨出果汁，就能復活一次,Réussir à faire du jus après la mort permet de ressusciter une fois,"Einmaliges Wiederbeleben, wenn du nach dem Tod Saft machst.","Si consigues preparar zumo después de muerto, resucitarás una vez.",Resucita una vez tras preparar jugo después de la muerte,Ressuscite uma vez ao conseguir fazer suco após morrer,Preparare correttamente il succo dopo la morte ti fa resuscitare una volta,Öldükten sonra başarıyla meyve suyu yapmak seni bir kez diriltir,النجاح في صنع العصير بعد الموت سيعيدك من الموت لمرة,หาก​ทำ​น้ำ​ผลไม้​สำเร็จ​หลัง​จาก​ตาย​จะ​ได้​คืนชีพ​หนึ่ง​ครั้ง,Om du gör saft efter att du dör blir du återupplivad en gång,Zrobienie soku po śmierci poskutkuje jednorazowym wskrzeszeniem,72,72,72,72,72,72,72,72,72,72,72,48,48,48,
abilitydata extra jump orb name,,32,16,JUMPY BOY,ジャン坊,점프 보이,跳跳小子,SAUTILLEUR,FLUMMIBLUBB,SALTARÍN,SALTARÍN,PULA-PULA,SALTERINO,ZIP ZIP ÇOCUK,الفتى القافز,ไอ้​หนู​จอม​โดด,HOPPGOSSE,SKOCZEK,32,32,32,32,32,32,32,32,32,32,32,16,16,16,
abilitydata extra jump orb desc,,72,48,Acts as an extra Jump Orb,ジャンプ玉が１つ増える,추가 점프 오브가 되어줍니다,效果等於一顆跳跳球,Agit comme un orbe de saut supplémentaire,Wirkt als zusätzliche Sprungkugel.,Funciona como un orbe de salto adicional.,Funciona como un orbe de salto adicional,Atua como um orbe de pulo extra,Funziona come una Sfera salto extra,Ekstra bir Zıplama Küresi olarak çalışır,يتصرف ككرة قفز إضافية,ทำ​หน้าที่​เหมือน​มี​ลูก​แก้ว​กระโดด​เพิ่ม​หนึ่ง​ลูก,Funkar som ett extra hoppklot,Działa jak dodatkowa kula skoku,72,72,72,72,72,72,72,72,72,72,72,48,48,48,
abilitydata extra jump orb sleep name,,32,16,JUMPY BOY,ジャン坊,점프 보이,跳跳小子,SAUTILLEUR,FLUMMIBLUBB,SALTARÍN,SALTARÍN,PULA-PULA,SALTERINO,ZIP ZIP ÇOCUK,الفتى القافز,ไอ้​หนู​จอม​โดด,HOPPGOSSE,SKOCZEK,32,32,32,32,32,32,32,32,32,32,32,16,16,16,
abilitydata extra jump orb sleep desc,"context: this ability will lose its effect when paired with another ability called the Dream Pillow, and this text will imply that in a cute way saying teh jumpy boy sleeps when paired with a pillow",72,48,"Jumpy boy found a pillow.\nGood night, jumpy boy.",まくらを見つけて寝ちゃったよ\nおやすみジャン坊,"점프 보이가 베개를 찾았네요\n잘 자요, 점프 보이",跳跳小子找到一顆舒服的枕頭。\n晚安，跳跳小子。,"Sautilleur a trouvé un oreiller.\nBonne nuit, sautilleur.","Flummiblubb hat ein Kissen gefunden!\nTräum schön, Flummiblubb.","Saltarín ha encontrado una almohada.\nBuenas noches, Saltarín.","Saltarín encontró una almohada.\nBuenas noches, Saltarín.","O Pula-Pula achou um travesseiro.\nBoa noite, Pula-Pula.","Salterino ha trovato un cuscino.\nBuonanotte, Salterino.",Zıp zıp çocuk bir yastık buldu.\nİyi geceler zıp zıp çocuk.,عثر الفتى القافز على وسادة.\nنومًا هنيئًا أيها الفتى القافز,ไอ้​หนู​จอม​โดด​เจอ​หมอน\nนอน​ฝันดี​จ้ะ​เจ้า​เด็ก​เด้ง​ดึ๋ง,"Hoppgossen har hittat en kudde.\nGod natt, Hoppgossen.","Skoczek znalazł poduszkę.\nDobranoc, Skoczku.",72,72,72,72,72,72,72,72,72,72,72,48,48,48,
abilitydata money pot name,,32,16,FOX SAVINGS,金運きつね,여우 저금통,守財狐,ÉCONOMIES DE RENARD,SPARFUCHS,HUCHA DE ZORRO,AHORRO DE ZORRO,POUPANÇA DA RAPOSA,VECCHIA VOLPE,TİLKİ BİRİKİMİ,حصالة الثعلب,จิ้งจอก​อดออม,RÄVBESPARINGAR,LISEK CHYTRUSEK,32,32,32,32,32,32,32,32,32,32,32,16,16,16,
abilitydata money pot desc,"whether the pot contains 1, 5, or 20 golden seeds is determined by chance, with 1 appearing more and 20 appearing much less often",72,48,"Pots will contain 1, 5, or 20 golden seeds",ツボから金のタネが１個か５個か２０個出てくる,"항아리에 황금 씨앗이 1개, 5개 또는 20개 들어 있습니다",打破陶壺能獲得1、5或20個金種子,"Les pots contiendront 1, 5 ou 20 graines d'or","Töpfe enthalten 1, 5 oder 20 Goldsamen.","Las vasijas contienen 1, 5 o 20 semillas de oro.","Las ollas tendrán 1, 5 o 20 semillas doradas","Potes conterão 1, 5 ou 20 sementes douradas","Le pentole contengono 1, 5 o 20 Semi d'oro","Çanaklar 1, 5 veya 20 altın tohum içerir",ستحتوي الأواني على 1 أو 5 أو 20 من البذور الذهبية,"ใน​หม้อ​จะ​มี​เมล็ด​ทองคำ 1, 5 หรือ 20 เมล็ด","Krukor innehåller 1, 5 eller 20 guldfrön","Naczynia będą zawierać 1, 5 lub 20 sztuk złotych nasionek",72,72,72,72,72,72,72,72,72,72,72,48,48,48,
abilitydata higher entity bounce name,,32,16,REGULAR SPRING,バネ,통통 스프링,彈簧,RESSORT NORMAL,SPRUNGFEDER,MUELLE NORMAL,RESORTÍN,MOLA COMUM,MOLLA NORMALE,NORMAL YAY,الزنبرك العادي,เด้ง​ดึ๋ง​ปกติ,VANLIG FJÄDER,SPRĘŻYNA,32,32,32,32,32,32,32,32,32,32,32,16,16,16,
abilitydata higher entity bounce desc,,72,48,Bounce higher from enemies and ground,踏みつけとかからの跳ね上がりが高くなる,방해꾼과 땅을 밟고 더 높이 튀어 오릅니다,跳離敵人或地面時，能跳得更高,Rebondissez plus haut depuis le sol et les ennemis,Dein Sprung vom Boden oder von Gegnern ist höher.,Rebota más alto en los enemigos y en el suelo.,Rebota más alto al pisar a los enemigos o al suelo,Quique mais alto no chão e nos inimigos,Rimbalza più in alto dal terreno e dai nemici,Düşmanlardan ve zeminden daha yükseğe zıpla,يمنح ارتدادًا أعلى من فوق الأرض والأعداء,กระโดด​สูง​ขึ้น​จาก​ศัตรู​และ​พื้น,Studsa högre från fiender på marken,Odbijaj się wyżej od wrogów i ziemi,72,72,72,72,72,72,72,72,72,72,72,48,48,48,
abilitydata instant money name,,32,16,GOLD CARD,ゴールドカード,골드 카드,黃金卡,CARTE DORÉE,GOLDKARTE,TARJETA DORADA,TARJETA DORADA,CARTÃO DOURADO,CARTA D'ORO,ALTIN KART,البطاقة الذهبية,บัตร​ทอง,GULDKORT,ZŁOTA KARTA,32,32,32,32,32,32,32,32,32,32,32,16,16,16,
abilitydata instant money desc,,72,48,Triples the amount of golden seed gained from shiny fruits,光るフルーツから得る金のタネが３個になる,빛나는 과일에서 얻는 황금 씨앗이 세 배가 됩니다,從閃亮水果獲得的金種子數量變成三倍,Triple la quantité de graines d'or obtenue avec les fruits brillants,"Verdreifacht die Zahl an Goldsamen, die du von Funkelfrüchten erhältst.",Triplica la cantidad de semillas de oro que obtienes de las frutas brillantes.,Triplica la cantidad de semillas doradas obtenidas de las frutas brillantes,Triplica a quantidade de sementes douradas obtidas de frutas brilhantes,Triplica la quantità di Semi d'oro ottenuti dai frutti brillanti,Parlak meyvelerden kazanılan altın miktarını üçe katlar,تمنح ثلاثة أضعاف كمية البذور الذهبية المكتسبة من الفاكهة اللامعة,ได้​เมล็ด​ทองคำ​สาม​เท่า​จาก​ผลไม้​วิบ​วับ,Tredubblar antalet guldfrön från glänsande frukter,Potraja liczbę złotych nasionek z błyszczących owoców,72,72,72,72,72,72,72,72,72,72,72,48,48,48,
abilitydata focus time freeze name,,32,16,SNAIL CLOCK,スネイルクロック,달팽이 시계,蝸牛鐘,ESCARGHORLOGE,ZEITSCHNECKE,CARACOLOJ,CARALOJ,LESMA-RELÓGIO,CHIOCCIOLOGIO,SALYANGOZ SAATİ,حلزون الساعة,นาฬิกา​หอย​ทาก,SNIGELKLOCKA,POWOLNY ŚLIMAK,32,32,32,32,32,32,32,32,32,32,32,16,16,16,
abilitydata focus time freeze desc,,72,48,Time completely stops while aiming for a jump,狙い定め中に時間が完全に止まる,점프를 조준하는 동안 시간이 완전히 멈춥니다,瞄準跳躍方向時，時間會完全停止,Le temps est arrêté pour viser lors d'un saut,"Die Zeit wird komplett eingefroren, während du für einen Sprung zielst.",El tiempo se detiene del todo mientras preparas un salto.,El tiempo se detiene al apuntar para realizar un salto,O tempo para completamente ao mirar um pulo,Il tempo si ferma completamente mentre miri per saltare,Zıplama hedefi alırken zaman tamamen durur,يتوقف الزمن تمامًا عند التصويب للقفزة,เวลา​หยุด​นิ่ง​อย่าง​สิ้น​เชิง​เมื่อ​เล็ง​เพื่อ​โดด,Tiden stannar helt medan du siktar in dina hopp,Czas zatrzymuje się całkowicie podczas wymierzania skoku,72,72,72,72,72,72,72,72,72,72,72,48,48,48,
abilitydata spin wall jump name,,32,16,TOTEMY,トーテミー,토템이,小圖騰,TOURNICOTI,KULLERKREISEL,GIRATÓTEM,GIRATÓTEM,RODA-PIÃO,TROTTEM,TOTEMLİ,الطوطم الدوار,เจ้า​โท​เทม,SNURRIS,BĄCZEK,32,32,32,32,32,32,32,32,32,32,32,16,16,16,
abilitydata spin wall jump desc,,72,48,Keep spinning even after wall jumping,壁ジャンプの後もクルクルジャンプが続く,벽 점프 후에도 계속 돌아갑니다,進行牆壁跳躍後，仍能繼續旋轉,Continuez à tournoyer même après un saut sur un mur,Du drehst dich nach einem Wandsprung weiter.,Sigue girando incluso después de saltar en una pared.,Sigue girando incluso después de saltar en la pared,Continue girando mesmo ao quicar em paredes,Continua a roteare anche dopo un salto sulle pareti,Duvar zıplamasından sonra bile dönmeye devam et,يواصل الدوران حتى بعد تنفيذ قفزة حائط,หลัง​จาก​โดด​ไต่​กำแพง​แล้ว​ก็​ยัง​หมุน​ไม่​หยุด,Fortsätt snurra även efter vägghopp,Kręć się nawet po skoku na ścianę,72,72,72,72,72,72,72,72,72,72,72,48,48,48,
abilitydata final screw attack name,,32,16,STELLAR GOODBOY,スペースワンチャン,별총총 멍멍이,宇宙狗狗,CHIEN STELLAIRE,BRAVSTERNCHEN,CACHORRO ESTELAR,PERRESTELAR,CATIORO ESTELAR,CUCCIOLO STELLARE,YILDIZ KÖPEK,الجرو النجمي,เด็ก​ดี​ดั่ง​ดวงดาว,STJÄRNPONKE,GWIEZDNY PSIAK,32,32,32,32,32,32,32,32,32,32,32,16,16,16,
abilitydata final screw attack desc,,72,48,Become invincible on the last jump,最後のジャンプで無敵になる,마지막 점프 시 무적이 됩니다,最後一次跳躍時，獲得無敵狀態,Devenez invincible lors du dernier saut,Du bist beim letzten Sprung unverwundbar.,"En el último salto, te vuelves invencible.",Obtienes invencibilidad en el último salto,Torne-se invencível no último pulo,Diventa invincibile all'ultimo salto,Son zıplamada ölümsüz ol,يُصبح منيعًا في القفزة الأخيرة,หลัง​จาก​โดด​ครั้ง​สุดท้าย​แล้ว​จะ​คงกระพัน,Bli osårbar under sista hoppet,Zyskaj nieśmiertelność podczas ostatniego skoku,72,72,72,72,72,72,72,72,72,72,72,48,48,48,
abilitydata fruit twin name,,32,16,APPLE SISTERS,りんご姉妹,사과 자매,蘋果姊妹,SŒURS POMME,APFELSCHWESTERN,MANZANAS HERMANAS,HERMANZANAS,MAÇÃS GÊMEAS,POMELLI,ELMA KARDEŞLER,التفاح التوأم,พี่​น้อง​แอปเปิล,ÄPPELSYSTRAR,DWA JABŁUSZKA,32,32,32,32,32,32,32,32,32,32,32,16,16,16,
abilitydata fruit twin desc,,72,48,Chance of fruits spawning in doubles,ときどきフルーツが２つセットで出てくる,과일이 두 배로 나타납니다,水果生成時，數量有機會加倍,Les fruits apparaissent par paire,Früchte können in Paaren erscheinen.,Aumenta la posibilidad de que aparezcan frutas de dos en dos.,Probabilidad de que aparezcan frutas dobles,Chance de frutas aparecerem em dobro,Possibilità che la frutta si generi in coppie,Meyvelerin çift olarak ortaya çıkma şansı,فرصة ظهور الفاكهة في أزواج,มี​โอกาส​ที่​ผลไม้​จะ​โผล่​มา​เป็น​สอง​เท่า,Få chansen att dubbelfrukter dyker upp,Szansa na podwójną liczbę owoców,72,72,72,72,72,72,72,72,72,72,72,48,48,48,
abilitydata slam bounce angled name,,32,16,FOOTBALL ELEMENTAL,ビーボーおばけ,풋볼 속성,足球元素,EFFET RICOCHET,ABPRALLER,ELEMENTAL DEL FÚTBOL,ELEMENTAL DEL FÚTBOL,FUROR DO FUTEBOL,ANGOLANCIO,FUTBOL ELEMENTALİ,الارتداد الحاد,ฟุตบอล​ธาตุ,AMERIKANSK FOTBOLL,PIŁKARSKI ŻYWIOŁAK,32,32,32,32,32,32,32,32,32,32,32,16,16,16,
abilitydata slam bounce angled desc,normally the player would bounce straight up from slamming on an enemy but with this ability they will bounce at an angle,72,48,Bounce off enemies at an angle after a slam,敵をスラムで踏みつけると横に跳ねる,적을 슬램한 후 비스듬하게 튀어 오릅니다,重擊敵人後，會以斜角彈開,Rebondissez sur les ennemis avec un angle après un piqué au sol,Du prallst nach einem Schlag in verschiedene Richtungen von Gegnern ab.,Rebota en los enemigos con efecto después de un choque.,Rebota en los enemigos en ángulo tras pisarlos,Quique nos inimigos em um ângulo diferente após a batida,Rimbalza ad angolo dopo uno schianto sui nemici,Çarpma sonrası düşmanlardan açılı bir şekilde sıçra,يرتد عن الأعداء بزاوية بعد الضرب,หลัง​จาก​ทุบ​แล้ว​โดด​ทำ​มุม​กับ​ศัตรู,Studsa åt sidan efter att ha mosat fiender,Odbijaj się od wrogów pod kątem,72,72,72,72,72,72,72,72,72,72,72,48,48,48,
abilitydata increase jump power name,,32,16,VOYAGER ROCKET,ロケ太郎,여행자 로켓,噴射火箭,FUSÉE D'EXPLORATEUR,RAKETENSPRUNG,COHETE EXPLORADOR,COHETE VIAJERO,FOGUETE VIAJANTE,RAZZO COSMICO,GEZGİN ROKET,صاروخ الرحالة,จรวด​นัก​เดิน​ทาง,RYMDRAKET,RAKIETA ODKRYWCY,32,32,32,32,32,32,32,32,32,32,32,16,16,16,
abilitydata increase jump power desc,enables player to launch further from a jump,72,48,Jump with more power,ジャンプの飛距離がのびる,더 강하게 점프합니다,加強跳躍的力道,Sautez avec plus de puissance,Springe mit mehr Kraft.,Salta con más potencia.,Salta con más potencia,Pule com mais força,Salta con più potenza,Daha güçlü bir şekilde zıpla,القفز بقوة أكثر,กระโดด​แรง​ขึ้น,Hoppa med mer kraft,Skacz z większą mocą,72,72,72,72,72,72,72,72,72,72,72,48,48,48,
abilitydata jump fruit suction name,,32,16,CLEAN BOT,おそうじロボ,클린봇,清潔機器,ROBOT ASPIRATEUR,SPRINGSAUGER,ROBOT DE LIMPIEZA,ROBOT ASPIRADOR,ROBÔ ASPIRADOR,ASPIRAFRUTTA,TEMİZ BOT,امتصاص الفاكهة,บอต​ทำความ​สะอาด,STÄDROBOT,OWOCOWY ODKURZACZ,32,32,32,32,32,32,32,32,32,32,32,16,16,16,
abilitydata jump fruit suction desc,,72,48,Suck in fruits at the start of a jump,ジャンプするとき周辺のフルーツを吸いよせる,점프 시작 시 과일을 빨아들입니다,一跳起來，就會吸收附近的水果,Aspirez les fruits au début d'un saut,Sauge zu Beginn eines Sprungs Früchte ein.,Succiona frutas al principio del salto.,Consume frutas al inicio del salto,Atrai frutas ao iniciar um pulo,Attira la frutta all'inizio di un salto,Bir zıplama başlangıcında meyveleri çek,تمتص الفاكهة عند بداية القفزة,เมื่อ​เริ่ม​กระโดด​จะ​ดูด​ผลไม้​เข้า​มา,Sug in frukter när du börjar hoppa,Wciąga owoce od początku skoku,72,72,72,72,72,72,72,72,72,72,72,48,48,48,
,,,,,,,,,,,,,,,,,,,,,,,,,,,,,,,,,
abilitydata slam start fruit suction name,,32,16,STOMPO,ンッンー,쿵쿵슬램,咚咚,ÉCRASO,STAMPFERINO,CHOCANTE,APLASTO,ESMAGUITO,SCHIANTONIO,STOMPO,الدهاس,ตื้บ,STAMPE,PIECZĄTEK,32,32,32,32,32,32,32,32,32,32,32,16,16,16,
abilitydata slam start fruit suction desc,,72,48,Suck in nearby fruits at the start of a slam,スラムするときに周辺のフルーツを吸いよせる,슬램 시작 시 근처의 과일을 빨아들입니다,一施展重擊，就會吸收附近的水果,Aspirez les fruits à proximité au début d'un piqué au sol,Sauge bei einem Schlag Früchte in der Nähe ein.,Succiona las frutas cercanas al principio del choque.,Consume frutas cercanas al inicio de un pisotón,Atrai frutas próximas ao iniciar uma batida,Attira la frutta all'inizio di uno schianto,Bir çarpma başlangıcında meyveleri çek,يمتص الفاكهة القريبة عند بداية الضرب,ดูด​ผลไม้​เข้า​มา​เมื่อ​เริ่ม​ทุบ,Sug in frukter när du börjar mosa,"Wciąga okoliczne owoce, kiedy rozpoczynasz plask.",72,72,72,72,72,72,72,72,72,72,72,48,48,48,
abilitydata fruit pot name,,32,16,FOOD STOCK,冬眠きつね,먹이 단지,水果狐,STOCK DE DENRÉES,MAMPFUCHS,RESERVA DE COMIDA,ABASTO FRUTAL,ESTOQUE DE COMIDA,SCORTA ALIMENTARE,GIDA STOKU,مخزون الطعام,กักตุน​อาหาร,MATLAGER,LISEK GŁODOMOREK,32,32,32,32,32,32,32,32,32,32,32,16,16,16,
abilitydata fruit pot desc,,72,48,Pots will contain a fruit,ツボからフルーツが１つ出てくる,항아리에 과일이 들어 있습니다,打破陶壺能獲得1個水果,Les pots contiendront un fruit,Töpfe enthalten eine Frucht.,Las vasijas contendrán una fruta.,Las ollas tendrán una fruta,Potes conterão uma fruta,Le pentole contengono un frutto,Çanaklar bir meyve içerir,ستحتوي الأواني على فاكهة,มี​ผลไม้​ใน​หม้อ,Krukor innehåller en frukt var,Naczynia będą zawierać owoce,72,72,72,72,72,72,72,72,72,72,72,48,48,48,
abilitydata more pot name,,32,16,POT FORM,化けぎつね,항아리 형성,變身狐,TÊTE DE POT,TÖPFERICH,ALFARERO,FORMA DE OLLA,POTE MÁGICO,PENTOLAIO,ÇANAK FORMU,تكوين الأواني,ปั้น​หม้อ,KRUKMAKARE,NACZYNIE ZEN,32,32,32,32,32,32,32,32,32,32,32,16,16,16,
abilitydata more pot desc,,72,48,Pots will appear more frequently,ツボが多めに出てくる,항아리가 더 자주 나타납니다,陶壺會更常出現,Les pots apparaîtront plus souvent,Töpfe erscheinen öfter.,Las vasijas aparecerán con más frecuencia.,Las ollas aparecerán con más frecuencia,Potes aparecerão com mais frequência,Le pentole appaiono con più frequenza,Çanaklar daha sık görünür,ستظهر الأواني بوتيرة أكبر,หม้อ​จะ​ปรากฏ​บ่อย​ขึ้น,Det dyker upp fler krukor,Naczynia będą pojawiać się częściej,72,72,72,72,72,72,72,72,72,72,72,48,48,48,
abilitydata enemy to fruit name,,32,16,FUNGAL UPRISING,キノコ革命,버섯 시위,蘑菇起義,SOULÈVEMENT FONGIQUE,PILZREBELL,REVUELTA MICOLÓGICA,HONGOS CONMIGO,REVOLUÇÃO DOS FUNGOS,RIVOLTA FUNGINA,MANTAR İSYANI,ثورة الفطر,รา​ลุกฮือ,STUVNING,BUNT GRZYBKÓW,32,32,32,32,32,32,32,32,32,32,32,16,16,16,
abilitydata enemy to fruit desc,,72,48,Stomping on enemies will grant 1 mushroom (acts as a fruit),敵を踏みつけるとキノコが１つもらえる（フルーツとみなす）,적을 밟으면 버섯을 1개 줍니다(과일처럼 사용),猛擊敵人可獲得1個蘑菇（等於1個水果）,Écraser les ennemis accorde 1 champignon (équivalent d'un fruit),Das Stampfen auf Gegner gewährt dir 1 Pilz (wirkt wie eine Frucht).,Chocar con enemigos te proporciona 1 seta (funciona como una fruta).,Al pisotear a los enemigos obtienes 1 hongo (sirve como fruta),Concede 1 cogumelo (atua como uma fruta) ao esmagar inimigos,Schiantarsi sui nemici regala 1 fungo (che funziona come un frutto),Düşmanları ezmek 1 mantar kazandırır (meyve görevi görür),يمنح دهس الأعداء فطرًا واحدًا (يُعامل معاملة الفاكهة),การ​กระทืบ​ศัตรู​ทำให้​ได้​เห็ด 1 ดอก (ทำ​หน้าที่​เหมือน​ผลไม้),Få 1 svamp när du stampar på fiender (de fungerar som frukter),Po naskoczeniu na wroga otrzymasz 1 grzybka (działa jak owoc),72,72,72,72,72,72,72,72,72,72,72,48,48,48,
abilitydata fruit handler dual wield name,,32,16,OVERWORK,発注ミス,열정뿜뿜,水果加量,CADENCES INFERNALES,ÜBERARBEERE,HORAS EXTRA,SOBRECARGA,TRABALHO EXTRA,STRAORDINARI,EK İŞ,العمل الجاد,ทำงาน​เกิน​ตัว,ÖVERANSTRÄNGNING,PRZEPRACOWANIE,32,32,32,32,32,32,32,32,32,32,32,16,16,16,
abilitydata fruit handler dual wield desc,,72,48,Fruit Handlers will carry 2 fruits,ハコボーがフルーツを２つ持つようになる,과일 꼬마들이 과일을 2개씩 나릅니다,水果服務生會拿著2個水果,Les porteurs de fruits transporteront 2 fruits,Fruchtlinge tragen 2 Früchte.,Los portadores de frutas llevarán 2 frutas.,Los fruteros cargarán 2 frutas,Fruteiros carregarão 2 frutas,I Fruttaioli trasportano 2 frutti,Meyve Taşıyıcılar 2 meyve taşır,سيحمل حملة الفاكهة ثمرتين إضافيتين,คน​ดูแล​ผลไม้​จะ​มี​ผลไม้ 2 ลูก,Fruktbärare bär 2 frukter,Tragarze owoców mogą nieść 2 owoce,72,72,72,72,72,72,72,72,72,72,72,48,48,48,
abilitydata more fruit handler name,,32,16,MORE OF US,増殖,분신술,員工加量,NOUS SOMMES LÉGION,FRUCHTILLINGE,SOMOS MÁS,MULTIPLICADO,MAIS DE NÓS,UNA MANO IN PIÙ,DAHA ÇOK BİZ,المزيد منا,เรา​มา​กัน​เยอะ,BÄRHJÄLP,DUŻO NAS,32,32,32,32,32,32,32,32,32,32,32,16,16,16,
abilitydata more fruit handler desc,,72,48,Fruit Handlers will appear more frequently,ハコボーが多めに出てくる,과일 꼬마들이 더 자주 나타납니다,水果服務生會更常出現,Les porteurs de fruits apparaîtront plus souvent,Fruchtlinge erscheinen öfter.,Los portadores de frutas aparecerán con más frecuencia.,Los fruteros aparecerán con más frecuencia,Fruteiros aparecerão com mais frequência,I Fruttaioli appaiono con più frequenza,Meyve Taşıyıcılar daha sık görünür,سيظهر حملة الفاكهة بوتيرة أكبر,คน​ดูแล​ผลไม้​จะ​ปรากฏ​ตัว​บ่อย​ขึ้น,Det dyker upp fler fruktbärare,Tragarze owoców będą pojawiać się częściej,72,72,72,72,72,72,72,72,72,72,72,48,48,48,
,,,,,,,,,,,,,,,,,,,,,,,,,,,,,,,,,
,,,,,,,,,,,,,,,,,,,,,,,,,,,,,,,,,
abilitydata endless mode name,,32,16,DREAM PILLOW,ふしぎまくら,꿀잠 베개,美夢枕頭,OREILLER À RÊVES,TRÄUMERICH,ALMOHADA DE SUEÑOS,ALMOHADA DE ENSUEÑO,TRAVESSEIRO DOS SONHOS,CUSCINO DEI SOGNI,RÜYA YASTIĞI,وسادة الأحلام,หมอน​ชวน​ฝัน,DRÖMKUDDE,MIĘKKA PODUSIA,32,32,32,32,32,32,32,32,32,32,32,16,16,16,
abilitydata endless mode desc,,72,48,Enter endless mode! \nGame becomes endless and Jump Orb count will be set to 2. Scores will be recorded.,"エンドレスモード！ゲームの終わりが無くなりジャンプ玉の数が\n２つになる。スコアが記録される。",무한 모드를 소개합니다! \n게임이 끝나지 않으며 점프 오브 수가 2로 설정됩니다. 점수가 기록됩니다.,進入無盡模式！\n遊戲不會結束，跳跳球固定為2顆，可記錄得分。,Lancez le mode infini ! \nJeu illimité et compteur à 2 orbes de saut. Les scores sont enregistrés.,Wechsle in den Endlosmodus! \nDas Spiel wird endlos und der SPRUNGKUGEL-Zähler auf 2 gesetzt. Punkte werden aufgezeichnet.,¡Juega al modo Interminable! \nEl juego nunca acaba y el contador de orbes de salto se establece en 2. La puntuación se registra.,"¡Modo Interminable! \nPartida sin fin, conteo de orbes de salto establecido en 2 y puntuación guardada.",Jogo infinito! \nO jogo se torna infinito com contador de orbes de pulo em 2. A pontuação é registrada.,Entra in Modalità infinita!\nIl gioco è infinito e il conteggio delle Sfere salto è a 2. I punteggi sono memorizzati.,Sonsuz moda gir! \nOyun sonsuz olur. 2 Zıplama Küresi vardır. Puan kaydedilir.,ادخل وضع اللعب الحر! \nلن تنتهي اللعبة. وسيتم تحديد عدد كرة القفز إلى 2. سيتم تسجيل النقاط.,เข้า​สู่​โหมด​ไร้​จุดจบ!\nเกม​จะ​ไม่มี​จุดจบ และ​จะ​มี​ลูก​แก้ว​กระโดด​จำนวน 2 ลูก คะแนน​จะ​ได้​รับ​การ​บันทึก​เป็น​สถิติ,Oändligt läge!\nSpelet blir oändligt och du spelar med 2 hoppklot. Din poäng sparas.,"Wejdź do trybu nieskończonego! \nW tym trybie gra trwa bez końca, a licznik kul skoku wynosi 2. Wyniki są zapisywane.",72,72,72,72,72,72,72,72,72,72,72,48,48,48,
,,,,,,,,,,,,,,,,,,,,,,,,,,,,,,,,,
abilitydata pajamas 1 name,,32,16,PAJAMAS,パジャマセット,잠옷,美夢睡衣,PYJAMA,SCHLAFANZUG,PIJAMA,PIJAMA,PIJAMA,PIGIAMA,PİJAMA,ملابس المنامة,ชุด​นอน,PYJAMAS,PIŻAMA,32,32,32,32,32,32,32,32,32,32,32,16,16,16,
abilitydata pajamas 1 desc,,72,48,"Gain 2 Jump Orbs when paired with DREAM PILLOW. Otherwise, reduce 2 Jump Orbs.","「ふしぎまくら」と一緒ならジャンプ玉を２つ増やす。なければジャンプ玉を２つ減らす。",꿀잠 베개와 입으면 점프 오브가 2개 증가합니다. 그렇지 않을 경우 점프 오브가 2개 줄어듭니다.,如果和美夢枕頭一起裝備，可以增加2顆跳跳球，否則會減少2顆跳跳球。,"Accorde 2 orbes de saut avec OREILLER À RÊVES. Sinon, en retire 2.",Erhalte 2 Sprungkugeln in Kombination mit TRÄUMERICH. Sonst 2 Sprungkugeln weniger.,"Proporciona 2 orbes de salto si se combina con ALMOHADA DE SUEÑOS. Si no, resta 2 orbes de salto.","Suma 2 orbes de salto si también usas ALMOHADA DE ENSUEÑO; si no, los resta.","+2 orbes de pulo quando junto ao TRAVESSEIRO DOS SONHOS. Do contrário, -2 orbes de pulo.",Ottieni 2 Sfere salto se possiedi CUSCINO DEI SOGNI. Altrimenti ne perdi 2.,RÜYA YASTIĞI eşleşmesinde 2 Zıplama Küresi kazan; yoksa 2 Zıplama Küresi azalt.,"احصل على 2 من كرات القفز عند المطابقة مع وسادة الأحلام. وإلا، سيقل العدد بمقدار 2 من كرات القفز.",รับ​ลูก​แก้ว​กระโดด 2 ลูก​เมื่อ​ใช้​คู่​กับ​หมอน​ชวน​ฝัน ไม่​อย่าง​นั้น​ลูก​แก้ว​กระโดด​จะ​ลด​ลง 2 ลูก,Få 2 hoppklot när den kombineras med DRÖMKUDDEN. Annars förlorar du 2 hoppklot.,"Gdy masz MIĘKKĄ PODUSIĘ, zdobywasz 2 kule skoku. W przeciwnym razie tracisz 2 kule skoku.",72,72,72,72,72,72,72,72,72,72,72,48,48,48,
abilitydata pajamas 2 name,,32,16,RELAX FRAGRANCE,ナイトアロマ,안정 향수,美夢香氛,ARÔME RELAXANT,ENTSPANNUNGSDUFT,FRAGANCIA RELAJANTE,FRAGANCIA RELAJANTE,FRAGRÂNCIA RELAXANTE,FRAGRANZA RILASSANTE,GEVŞETİCİ KOKU,عبق الاسترخاء,น้ำหอม​ผ่อน​คลาย,AVKOPPLINGSPARFYM,ZAPACH RELAKSU,32,32,32,32,32,32,32,32,32,32,32,16,16,16,
abilitydata pajamas 2 desc,,72,48,"Gain 2 Jump Orbs when paired with DREAM PILLOW. Otherwise, reduce 2 Jump Orbs.","「ふしぎまくら」と一緒ならジャンプ玉を２つ増やす。なければジャンプ玉を２つ減らす。",꿀잠 베개와 입으면 점프 오브가 2개 증가합니다. 그렇지 않을 경우 점프 오브가 2개 줄어듭니다.,如果和美夢枕頭一起裝備，可以增加2顆跳跳球，否則會減少2顆跳跳球。,"Accorde 2 orbes de saut avec OREILLER À RÊVES. Sinon, en retire 2.",Erhalte 2 Sprungkugeln in Kombination mit TRÄUMERICH. Sonst 2 Sprungkugeln weniger.,"Proporciona 2 orbes de salto si se combina con ALMOHADA DE SUEÑOS. Si no, resta 2 orbes de salto.","Suma 2 orbes de salto si también usas ALMOHADA DE ENSUEÑO; si no, los resta.","+2 orbes de pulo quando junto ao TRAVESSEIRO DOS SONHOS. Do contrário, -2 orbes de pulo.",Ottieni 2 Sfere salto se possiedi CUSCINO DEI SOGNI. Altrimenti ne perdi 2.,RÜYA YASTIĞI eşleşmesinde 2 Zıplama Küresi kazan; yoksa 2 Zıplama Küresi azalt.,"احصل على 2 من كرات القفز عند المطابقة مع وسادة الأحلام. وإلا، سيقل العدد بمقدار 2 من كرات القفز.",รับ​ลูก​แก้ว​กระโดด 2 ลูก​เมื่อ​ใช้​คู่​กับ​หมอน​ชวน​ฝัน ไม่​อย่าง​นั้น​ลูก​แก้ว​กระโดด​จะ​ลด​ลง 2 ลูก,Få 2 hoppklot när den kombineras med DRÖMKUDDEN. Annars förlorar du 2 hoppklot.,"Gdy masz MIĘKKĄ PODUSIĘ, zdobywasz 2 kule skoku. W przeciwnym razie tracisz 2 kule skoku.",72,72,72,72,72,72,72,72,72,72,72,48,48,48,
abilitydata pajamas 3 name,,32,16,NIGHT CAP,ナイトキャップ,수면 모자,美夢睡帽,BONNET DE NUIT,SCHLAFMÜTZE,GORRO DE DORMIR,GORRITO,GORRO DE PIJAMA,BERRETTO DA NOTTE,GECE ŞAPKASI,قلنسوة النوم,หมวก​นอน,NATTMÖSSA,SZLAFMYCA,32,32,32,32,32,32,32,32,32,32,32,16,16,16,
abilitydata pajamas 3 desc,,72,48,"Gain 2 Jump Orbs when paired with DREAM PILLOW. Otherwise, reduce 2 Jump Orbs.","「ふしぎまくら」と一緒ならジャンプ玉を２つ増やす。なければジャンプ玉を２つ減らす。",꿀잠 베개와 입으면 점프 오브가 2개 증가합니다. 그렇지 않을 경우 점프 오브가 2개 줄어듭니다.,如果和美夢枕頭一起裝備，可以增加2顆跳跳球，否則會減少2顆跳跳球。,"Accorde 2 orbes de saut avec OREILLER À RÊVES. Sinon, en retire 2.",Erhalte 2 Sprungkugeln in Kombination mit TRÄUMERICH. Sonst 2 Sprungkugeln weniger.,"Proporciona 2 orbes de salto si se combina con ALMOHADA DE SUEÑOS. Si no, resta 2 orbes de salto.","Suma 2 orbes de salto si también usas ALMOHADA DE ENSUEÑO; si no, los resta.","+2 orbes de pulo quando junto ao TRAVESSEIRO DOS SONHOS. Do contrário, -2 orbes de pulo.",Ottieni 2 Sfere salto se possiedi CUSCINO DEI SOGNI. Altrimenti ne perdi 2.,RÜYA YASTIĞI eşleşmesinde 2 Zıplama Küresi kazan; yoksa 2 Zıplama Küresi azalt.,"احصل على 2 من كرات القفز عند المطابقة مع وسادة الأحلام. وإلا، سيقل العدد بمقدار 2 من كرات القفز.",รับ​ลูก​แก้ว​กระโดด 2 ลูก​เมื่อ​ใช้​คู่​กับ​หมอน​ชวน​ฝัน ไม่​อย่าง​นั้น​ลูก​แก้ว​กระโดด​จะ​ลด​ลง 2 ลูก,Få 2 hoppklot när den kombineras med DRÖMKUDDEN. Annars förlorar du 2 hoppklot.,"Gdy masz MIĘKKĄ PODUSIĘ, zdobywasz 2 kule skoku. W przeciwnym razie tracisz 2 kule skoku.",72,72,72,72,72,72,72,72,72,72,72,48,48,48,
abilitydata pajamas 4 name,,32,16,EYE MASK,アイマスク,수면 안대,美夢眼罩,MASQUE DE NUIT,SCHLAFMASKE,ANTIFAZ PARA DORMIR,ANTIFAZ,MÁSCARA DE DORMIR,MASCHERA DA NOTTE,GÖZ MASKESİ,غطاء العين,ที่​ปิด​ตา,ÖGONMASK,MASKA DO SPANIA,32,32,32,32,32,32,32,32,32,32,32,16,16,16,
abilitydata pajamas 4 desc,,72,48,"Gain 2 Jump Orbs when paired with DREAM PILLOW. Otherwise, reduce 2 Jump Orbs.","「ふしぎまくら」と一緒ならジャンプ玉を２つ増やす。なければジャンプ玉を２つ減らす。",꿀잠 베개와 입으면 점프 오브가 2개 증가합니다. 그렇지 않을 경우 점프 오브가 2개 줄어듭니다.,如果和美夢枕頭一起裝備，可以增加2顆跳跳球，否則會減少2顆跳跳球。,"Accorde 2 orbes de saut avec OREILLER À RÊVES. Sinon, en retire 2.",Erhalte 2 Sprungkugeln in Kombination mit TRÄUMERICH. Sonst 2 Sprungkugeln weniger.,"Proporciona 2 orbes de salto si se combina con ALMOHADA DE SUEÑOS. Si no, resta 2 orbes de salto.","Suma 2 orbes de salto si también usas ALMOHADA DE ENSUEÑO; si no, los resta.","+2 orbes de pulo quando junto ao TRAVESSEIRO DOS SONHOS. Do contrário, -2 orbes de pulo.",Ottieni 2 Sfere salto se possiedi CUSCINO DEI SOGNI. Altrimenti ne perdi 2.,RÜYA YASTIĞI eşleşmesinde 2 Zıplama Küresi kazan; yoksa 2 Zıplama Küresi azalt.,"احصل على 2 من كرات القفز عند المطابقة مع وسادة الأحلام. وإلا، سيقل العدد بمقدار 2 من كرات القفز.",รับ​ลูก​แก้ว​กระโดด 2 ลูก​เมื่อ​ใช้​คู่​กับ​หมอน​ชวน​ฝัน ไม่​อย่าง​นั้น​ลูก​แก้ว​กระโดด​จะ​ลด​ลง 2 ลูก,Få 2 hoppklot när den kombineras med DRÖMKUDDEN. Annars förlorar du 2 hoppklot.,"Gdy masz MIĘKKĄ PODUSIĘ, zdobywasz 2 kule skoku. W przeciwnym razie tracisz 2 kule skoku.",72,72,72,72,72,72,72,72,72,72,72,48,48,48,
,,,,,,,,,,,,,,,,,,,,,,,,,,,,,,,,,
ending thank you for playing,A 'thank you for playing' note that shows at the end of the credits (is directed at the player green dino character rather than the actual player),,,THANK YOU FOR PLAYING!,THANK YOU\nFOR PLAYING!,게임을 즐겨줘서 고마워!,謝謝你和我一起玩！,MERCI D'AVOIR JOUÉ !,DANKE FÜRS SPIELEN!,¡GRACIAS POR JUGAR!,¡GRACIAS POR JUGAR!,OBRIGADO POR JOGAR!,GRAZIE PER AVER GIOCATO!,OYNADIĞIN İÇİN TEŞEKKÜRLER!,شكرًا على اللعب!,ขอบคุณ​ที่​เล่น​นะ!,TACK FÖR ATT DU SPELADE!,DZIĘKUJEMY ZA GRĘ!,,,,,,,,,,,,,,,
ending post end thank you for playing,A 'thank YOU for playing' note that shows AFTER the post-credit cutscene that puts emphasis on the 'YOU' (is directed at the actual player the human being),,,Thank YOU for playing!,Thank YOU\nfor playing!,게임을 즐겨줘서 고마워요!,感謝遊玩！,Merci à VOUS d'avoir joué !,Danke DIR fürs Spielen!,¡Gracias por jugar!,¡Gracias A TI por jugar!,Obrigado por jogar!,Grazie a TE per aver giocato!,Oynadığın için TEŞEKKÜRLER!,شكرًا على اللعب!,ขอบคุณ​ที่​เล่น​นะ!,Tack för att DU spelade!,Dziękujemy za grę!,,,,,,,,,,,,,,,
,,,,,,,,,,,,,,,,,,,,,,,,,,,,,,,,,
,,,,,,,,,,,,,,,,,,,,,,,,,,,,,,,,,
some japanese text for debug purposes,,,,ぁあぃいぅうぇえぉおかがきぎくぐけげこごさざしじすずせぜそぞただちぢっつづてでとどなにぬねのはばぱひびぴふぶぷへべぺほぼぽまみむめもゃやゅゆょよらりるれろゎわゐゑをんゔゕゖァアィイゥウェエォオカガキギクグケゲコゴサザシジスズセゼソゾタダチヂッツヅテデトドナニヌネノハバパヒビピフブプヘベペホボポマミムメモャヤュユョヨラリルレロヮワヰヱヲンヴヵヶ０１２３４５６７８９粒（）「」,ぁあぃいぅうぇえぉおかがきぎくぐけげこごさざしじすずせぜそぞただちぢっつづてでとどなにぬねのはばぱひびぴふぶぷへべぺほぼぽまみむめもゃやゅゆょよらりるれろゎわゐゑをんゔゕゖァアィイゥウェエォオカガキギクグケゲコゴサザシジスズセゼソゾタダチヂッツヅテデトドナニヌネノハバパヒビピフブプヘベペホボポマミムメモャヤュユョヨラリルレロヮワヰヱヲンヴヵヶ０１２３４５６７８９粒（）「」,,,,,,,,,,,,,,,,,,,,,,,,,,,,
,,,,,,,,,,,,,,,,,,,,,,,,,,,,,,,,,
,,,,,,,,,,,,,,,,,,,,,,,,,,,,,,,,,
,,,,,,,,,,,,,,,,,,,,,,,,,,,,,,,,,
,,,,,,,,,,,,,,,,,,,,,,,,,,,,,,,,,
,,,,,,,,,,,,,,,,,,,,,,,,,,,,,,,,,
,,,,,,,,,,,,,,,,,,,,,,,,,,,,,,,,,
,,,,,,,,,,,,,,,,,,,,,,,,,,,,,,,,,
,,,,,,,,,,,,,,,,,,,,,,,,,,,,,,,,,
,,,,,,,,,,,,,,,,,,,,,,,,,,,,,,,,,
,,,,,,,,,,,,,,,,,,,,,,,,,,,,,,,,,
,,,,,,,,,,,,,,,,,,,,,,,,,,,,,,,,,
,,,,,,,,,,,,,,,,,,,,,,,,,,,,,,,,,
,,,,,,,,,,,,,,,,,,,,,,,,,,,,,,,,,
,,,,,,,,,,,,,,,,,,,,,,,,,,,,,,,,,
,,,,,,,,,,,,,,,,,,,,,,,,,,,,,,,,,
,,,,,,,,,,,,,,,,,,,,,,,,,,,,,,,,,
,,,,,,,,,,,,,,,,,,,,,,,,,,,,,,,,,
,,,,,,,,,,,,,,,,,,,,,,,,,,,,,,,,,
,,,,,,,,,,,,,,,,,,,,,,,,,,,,,,,,,
,,,,,,,,,,,,,,,,,,,,,,,,,,,,,,,,,
,,,,,,,,,,,,,,,,,,,,,,,,,,,,,,,,,
,,,,,,,,,,,,,,,,,,,,,,,,,,,,,,,,,
,,,,,,,,,,,,,,,,,,,,,,,,,,,,,,,,,
,,,,,,,,,,,,,,,,,,,,,,,,,,,,,,,,,
,,,,,,,,,,,,,,,,,,,,,,,,,,,,,,,,,
,,,,,,,,,,,,,,,,,,,,,,,,,,,,,,,,,
,,,,,,,,,,,,,,,,,,,,,,,,,,,,,,,,,
,,,,,,,,,,,,,,,,,,,,,,,,,,,,,,,,,
,,,,,,,,,,,,,,,,,,,,,,,,,,,,,,,,,
,,,,,,,,,,,,,,,,,,,,,,,,,,,,,,,,,
,,,,,,,,,,,,,,,,,,,,,,,,,,,,,,,,,
,,,,,,,,,,,,,,,,,,,,,,,,,,,,,,,,,
,,,,,,,,,,,,,,,,,,,,,,,,,,,,,,,,,
,,,,,,,,,,,,,,,,,,,,,,,,,,,,,,,,,
,,,,,,,,,,,,,,,,,,,,,,,,,,,,,,,,,
,,,,,,,,,,,,,,,,,,,,,,,,,,,,,,,,,
,,,,,,,,,,,,,,,,,,,,,,,,,,,,,,,,,
,,,,,,,,,,,,,,,,,,,,,,,,,,,,,,,,,
,,,,,,,,,,,,,,,,,,,,,,,,,,,,,,,,,
,,,,,,,,,,,,,,,,,,,,,,,,,,,,,,,,,
,,,,,,,,,,,,,,,,,,,,,,,,,,,,,,,,,
,,,,,,,,,,,,,,,,,,,,,,,,,,,,,,,,,
,,,,,,,,,,,,,,,,,,,,,,,,,,,,,,,,,
,,,,,,,,,,,,,,,,,,,,,,,,,,,,,,,,,
,,,,,,,,,,,,,,,,,,,,,,,,,,,,,,,,,
,,,,,,,,,,,,,,,,,,,,,,,,,,,,,,,,,
,,,,,,,,,,,,,,,,,,,,,,,,,,,,,,,,,
,,,,,,,,,,,,,,,,,,,,,,,,,,,,,,,,,
,,,,,,,,,,,,,,,,,,,,,,,,,,,,,,,,,
,,,,,,,,,,,,,,,,,,,,,,,,,,,,,,,,,
,,,,,,,,,,,,,,,,,,,,,,,,,,,,,,,,,
,,,,,,,,,,,,,,,,,,,,,,,,,,,,,,,,,
,,,,,,,,,,,,,,,,,,,,,,,,,,,,,,,,,
,,,,,,,,,,,,,,,,,,,,,,,,,,,,,,,,,
,,,,,,,,,,,,,,,,,,,,,,,,,,,,,,,,,
,,,,,,,,,,,,,,,,,,,,,,,,,,,,,,,,,
,,,,,,,,,,,,,,,,,,,,,,,,,,,,,,,,,
,,,,,,,,,,,,,,,,,,,,,,,,,,,,,,,,,
,,,,,,,,,,,,,,,,,,,,,,,,,,,,,,,,,
,,,,,,,,,,,,,,,,,,,,,,,,,,,,,,,,,
,,,,,,,,,,,,,,,,,,,,,,,,,,,,,,,,,
,,,,,,,,,,,,,,,,,,,,,,,,,,,,,,,,,
,,,,,,,,,,,,,,,,,,,,,,,,,,,,,,,,,
,,,,,,,,,,,,,,,,,,,,,,,,,,,,,,,,,
,,,,,,,,,,,,,,,,,,,,,,,,,,,,,,,,,
,,,,,,,,,,,,,,,,,,,,,,,,,,,,,,,,,
,,,,,,,,,,,,,,,,,,,,,,,,,,,,,,,,,
,,,,,,,,,,,,,,,,,,,,,,,,,,,,,,,,,
,,,,,,,,,,,,,,,,,,,,,,,,,,,,,,,,,
,,,,,,,,,,,,,,,,,,,,,,,,,,,,,,,,,
,,,,,,,,,,,,,,,,,,,,,,,,,,,,,,,,,
,,,,,,,,,,,,,,,,,,,,,,,,,,,,,,,,,
,,,,,,,,,,,,,,,,,,,,,,,,,,,,,,,,,
,,,,,,,,,,,,,,,,,,,,,,,,,,,,,,,,,
,,,,,,,,,,,,,,,,,,,,,,,,,,,,,,,,,
,,,,,,,,,,,,,,,,,,,,,,,,,,,,,,,,,
,,,,,,,,,,,,,,,,,,,,,,,,,,,,,,,,,
,,,,,,,,,,,,,,,,,,,,,,,,,,,,,,,,,
,,,,,,,,,,,,,,,,,,,,,,,,,,,,,,,,,
,,,,,,,,,,,,,,,,,,,,,,,,,,,,,,,,,
,,,,,,,,,,,,,,,,,,,,,,,,,,,,,,,,,
,,,,,,,,,,,,,,,,,,,,,,,,,,,,,,,,,
,,,,,,,,,,,,,,,,,,,,,,,,,,,,,,,,,
,,,,,,,,,,,,,,,,,,,,,,,,,,,,,,,,,
,,,,,,,,,,,,,,,,,,,,,,,,,,,,,,,,,
,,,,,,,,,,,,,,,,,,,,,,,,,,,,,,,,,
,,,,,,,,,,,,,,,,,,,,,,,,,,,,,,,,,
,,,,,,,,,,,,,,,,,,,,,,,,,,,,,,,,,
,,,,,,,,,,,,,,,,,,,,,,,,,,,,,,,,,
,,,,,,,,,,,,,,,,,,,,,,,,,,,,,,,,,
,,,,,,,,,,,,,,,,,,,,,,,,,,,,,,,,,
,,,,,,,,,,,,,,,,,,,,,,,,,,,,,,,,,
,,,,,,,,,,,,,,,,,,,,,,,,,,,,,,,,,
,,,,,,,,,,,,,,,,,,,,,,,,,,,,,,,,,
,,,,,,,,,,,,,,,,,,,,,,,,,,,,,,,,,
,,,,,,,,,,,,,,,,,,,,,,,,,,,,,,,,,
,,,,,,,,,,,,,,,,,,,,,,,,,,,,,,,,,
,,,,,,,,,,,,,,,,,,,,,,,,,,,,,,,,,
,,,,,,,,,,,,,,,,,,,,,,,,,,,,,,,,,
,,,,,,,,,,,,,,,,,,,,,,,,,,,,,,,,,
,,,,,,,,,,,,,,,,,,,,,,,,,,,,,,,,,
,,,,,,,,,,,,,,,,,,,,,,,,,,,,,,,,,
,,,,,,,,,,,,,,,,,,,,,,,,,,,,,,,,,
,,,,,,,,,,,,,,,,,,,,,,,,,,,,,,,,,
,,,,,,,,,,,,,,,,,,,,,,,,,,,,,,,,,
,,,,,,,,,,,,,,,,,,,,,,,,,,,,,,,,,
,,,,,,,,,,,,,,,,,,,,,,,,,,,,,,,,,
,,,,,,,,,,,,,,,,,,,,,,,,,,,,,,,,,
,,,,,,,,,,,,,,,,,,,,,,,,,,,,,,,,,
,,,,,,,,,,,,,,,,,,,,,,,,,,,,,,,,,
,,,,,,,,,,,,,,,,,,,,,,,,,,,,,,,,,
,,,,,,,,,,,,,,,,,,,,,,,,,,,,,,,,,
,,,,,,,,,,,,,,,,,,,,,,,,,,,,,,,,,
,,,,,,,,,,,,,,,,,,,,,,,,,,,,,,,,,
,,,,,,,,,,,,,,,,,,,,,,,,,,,,,,,,,
,,,,,,,,,,,,,,,,,,,,,,,,,,,,,,,,,
,,,,,,,,,,,,,,,,,,,,,,,,,,,,,,,,,
,,,,,,,,,,,,,,,,,,,,,,,,,,,,,,,,,
,,,,,,,,,,,,,,,,,,,,,,,,,,,,,,,,,
,,,,,,,,,,,,,,,,,,,,,,,,,,,,,,,,,
,,,,,,,,,,,,,,,,,,,,,,,,,,,,,,,,,
,,,,,,,,,,,,,,,,,,,,,,,,,,,,,,,,,
,,,,,,,,,,,,,,,,,,,,,,,,,,,,,,,,,
,,,,,,,,,,,,,,,,,,,,,,,,,,,,,,,,,
,,,,,,,,,,,,,,,,,,,,,,,,,,,,,,,,,
,,,,,,,,,,,,,,,,,,,,,,,,,,,,,,,,,
,,,,,,,,,,,,,,,,,,,,,,,,,,,,,,,,,
,,,,,,,,,,,,,,,,,,,,,,,,,,,,,,,,,
,,,,,,,,,,,,,,,,,,,,,,,,,,,,,,,,,
,,,,,,,,,,,,,,,,,,,,,,,,,,,,,,,,,
,,,,,,,,,,,,,,,,,,,,,,,,,,,,,,,,,
,,,,,,,,,,,,,,,,,,,,,,,,,,,,,,,,,
,,,,,,,,,,,,,,,,,,,,,,,,,,,,,,,,,
,,,,,,,,,,,,,,,,,,,,,,,,,,,,,,,,,
,,,,,,,,,,,,,,,,,,,,,,,,,,,,,,,,,
,,,,,,,,,,,,,,,,,,,,,,,,,,,,,,,,,
,,,,,,,,,,,,,,,,,,,,,,,,,,,,,,,,,
,,,,,,,,,,,,,,,,,,,,,,,,,,,,,,,,,
,,,,,,,,,,,,,,,,,,,,,,,,,,,,,,,,,
,,,,,,,,,,,,,,,,,,,,,,,,,,,,,,,,,
,,,,,,,,,,,,,,,,,,,,,,,,,,,,,,,,,
,,,,,,,,,,,,,,,,,,,,,,,,,,,,,,,,,
,,,,,,,,,,,,,,,,,,,,,,,,,,,,,,,,,
,,,,,,,,,,,,,,,,,,,,,,,,,,,,,,,,,
,,,,,,,,,,,,,,,,,,,,,,,,,,,,,,,,,
,,,,,,,,,,,,,,,,,,,,,,,,,,,,,,,,,
,,,,,,,,,,,,,,,,,,,,,,,,,,,,,,,,,
,,,,,,,,,,,,,,,,,,,,,,,,,,,,,,,,,
,,,,,,,,,,,,,,,,,,,,,,,,,,,,,,,,,
,,,,,,,,,,,,,,,,,,,,,,,,,,,,,,,,,
,,,,,,,,,,,,,,,,,,,,,,,,,,,,,,,,,
,,,,,,,,,,,,,,,,,,,,,,,,,,,,,,,,,
,,,,,,,,,,,,,,,,,,,,,,,,,,,,,,,,,
,,,,,,,,,,,,,,,,,,,,,,,,,,,,,,,,,
,,,,,,,,,,,,,,,,,,,,,,,,,,,,,,,,,
,,,,,,,,,,,,,,,,,,,,,,,,,,,,,,,,,
,,,,,,,,,,,,,,,,,,,,,,,,,,,,,,,,,
,,,,,,,,,,,,,,,,,,,,,,,,,,,,,,,,,
,,,,,,,,,,,,,,,,,,,,,,,,,,,,,,,,,
,,,,,,,,,,,,,,,,,,,,,,,,,,,,,,,,,
,,,,,,,,,,,,,,,,,,,,,,,,,,,,,,,,,
,,,,,,,,,,,,,,,,,,,,,,,,,,,,,,,,,
,,,,,,,,,,,,,,,,,,,,,,,,,,,,,,,,,
,,,,,,,,,,,,,,,,,,,,,,,,,,,,,,,,,
,,,,,,,,,,,,,,,,,,,,,,,,,,,,,,,,,
,,,,,,,,,,,,,,,,,,,,,,,,,,,,,,,,,
,,,,,,,,,,,,,,,,,,,,,,,,,,,,,,,,,
,,,,,,,,,,,,,,,,,,,,,,,,,,,,,,,,,
,,,,,,,,,,,,,,,,,,,,,,,,,,,,,,,,,
,,,,,,,,,,,,,,,,,,,,,,,,,,,,,,,,,
,,,,,,,,,,,,,,,,,,,,,,,,,,,,,,,,,
,,,,,,,,,,,,,,,,,,,,,,,,,,,,,,,,,
,,,,,,,,,,,,,,,,,,,,,,,,,,,,,,,,,
,,,,,,,,,,,,,,,,,,,,,,,,,,,,,,,,,
,,,,,,,,,,,,,,,,,,,,,,,,,,,,,,,,,
,,,,,,,,,,,,,,,,,,,,,,,,,,,,,,,,,
,,,,,,,,,,,,,,,,,,,,,,,,,,,,,,,,,
,,,,,,,,,,,,,,,,,,,,,,,,,,,,,,,,,
,,,,,,,,,,,,,,,,,,,,,,,,,,,,,,,,,
,,,,,,,,,,,,,,,,,,,,,,,,,,,,,,,,,
,,,,,,,,,,,,,,,,,,,,,,,,,,,,,,,,,
,,,,,,,,,,,,,,,,,,,,,,,,,,,,,,,,,
,,,,,,,,,,,,,,,,,,,,,,,,,,,,,,,,,
,,,,,,,,,,,,,,,,,,,,,,,,,,,,,,,,,
,,,,,,,,,,,,,,,,,,,,,,,,,,,,,,,,,
,,,,,,,,,,,,,,,,,,,,,,,,,,,,,,,,,
,,,,,,,,,,,,,,,,,,,,,,,,,,,,,,,,,
,,,,,,,,,,,,,,,,,,,,,,,,,,,,,,,,,
,,,,,,,,,,,,,,,,,,,,,,,,,,,,,,,,,
,,,,,,,,,,,,,,,,,,,,,,,,,,,,,,,,,
,,,,,,,,,,,,,,,,,,,,,,,,,,,,,,,,,
,,,,,,,,,,,,,,,,,,,,,,,,,,,,,,,,,
,,,,,,,,,,,,,,,,,,,,,,,,,,,,,,,,,
,,,,,,,,,,,,,,,,,,,,,,,,,,,,,,,,,
,,,,,,,,,,,,,,,,,,,,,,,,,,,,,,,,,
,,,,,,,,,,,,,,,,,,,,,,,,,,,,,,,,,
,,,,,,,,,,,,,,,,,,,,,,,,,,,,,,,,,
,,,,,,,,,,,,,,,,,,,,,,,,,,,,,,,,,
,,,,,,,,,,,,,,,,,,,,,,,,,,,,,,,,,
,,,,,,,,,,,,,,,,,,,,,,,,,,,,,,,,,
,,,,,,,,,,,,,,,,,,,,,,,,,,,,,,,,,
,,,,,,,,,,,,,,,,,,,,,,,,,,,,,,,,,
,,,,,,,,,,,,,,,,,,,,,,,,,,,,,,,,,
,,,,,,,,,,,,,,,,,,,,,,,,,,,,,,,,,
,,,,,,,,,,,,,,,,,,,,,,,,,,,,,,,,,
,,,,,,,,,,,,,,,,,,,,,,,,,,,,,,,,,
,,,,,,,,,,,,,,,,,,,,,,,,,,,,,,,,,
,,,,,,,,,,,,,,,,,,,,,,,,,,,,,,,,,
,,,,,,,,,,,,,,,,,,,,,,,,,,,,,,,,,
,,,,,,,,,,,,,,,,,,,,,,,,,,,,,,,,,
,,,,,,,,,,,,,,,,,,,,,,,,,,,,,,,,,
,,,,,,,,,,,,,,,,,,,,,,,,,,,,,,,,,
,,,,,,,,,,,,,,,,,,,,,,,,,,,,,,,,,
,,,,,,,,,,,,,,,,,,,,,,,,,,,,,,,,,
,,,,,,,,,,,,,,,,,,,,,,,,,,,,,,,,,
,,,,,,,,,,,,,,,,,,,,,,,,,,,,,,,,,
,,,,,,,,,,,,,,,,,,,,,,,,,,,,,,,,,
,,,,,,,,,,,,,,,,,,,,,,,,,,,,,,,,,
,,,,,,,,,,,,,,,,,,,,,,,,,,,,,,,,,
,,,,,,,,,,,,,,,,,,,,,,,,,,,,,,,,,
,,,,,,,,,,,,,,,,,,,,,,,,,,,,,,,,,
,,,,,,,,,,,,,,,,,,,,,,,,,,,,,,,,,
,,,,,,,,,,,,,,,,,,,,,,,,,,,,,,,,,
,,,,,,,,,,,,,,,,,,,,,,,,,,,,,,,,,
,,,,,,,,,,,,,,,,,,,,,,,,,,,,,,,,,
,,,,,,,,,,,,,,,,,,,,,,,,,,,,,,,,,
,,,,,,,,,,,,,,,,,,,,,,,,,,,,,,,,,
,,,,,,,,,,,,,,,,,,,,,,,,,,,,,,,,,
,,,,,,,,,,,,,,,,,,,,,,,,,,,,,,,,,
,,,,,,,,,,,,,,,,,,,,,,,,,,,,,,,,,
,,,,,,,,,,,,,,,,,,,,,,,,,,,,,,,,,
,,,,,,,,,,,,,,,,,,,,,,,,,,,,,,,,,
,,,,,,,,,,,,,,,,,,,,,,,,,,,,,,,,,
,,,,,,,,,,,,,,,,,,,,,,,,,,,,,,,,,
,,,,,,,,,,,,,,,,,,,,,,,,,,,,,,,,,
,,,,,,,,,,,,,,,,,,,,,,,,,,,,,,,,,
,,,,,,,,,,,,,,,,,,,,,,,,,,,,,,,,,
,,,,,,,,,,,,,,,,,,,,,,,,,,,,,,,,,
,,,,,,,,,,,,,,,,,,,,,,,,,,,,,,,,,
,,,,,,,,,,,,,,,,,,,,,,,,,,,,,,,,,
,,,,,,,,,,,,,,,,,,,,,,,,,,,,,,,,,
,,,,,,,,,,,,,,,,,,,,,,,,,,,,,,,,,
,,,,,,,,,,,,,,,,,,,,,,,,,,,,,,,,,
,,,,,,,,,,,,,,,,,,,,,,,,,,,,,,,,,
,,,,,,,,,,,,,,,,,,,,,,,,,,,,,,,,,
,,,,,,,,,,,,,,,,,,,,,,,,,,,,,,,,,
,,,,,,,,,,,,,,,,,,,,,,,,,,,,,,,,,
,,,,,,,,,,,,,,,,,,,,,,,,,,,,,,,,,
,,,,,,,,,,,,,,,,,,,,,,,,,,,,,,,,,
,,,,,,,,,,,,,,,,,,,,,,,,,,,,,,,,,
,,,,,,,,,,,,,,,,,,,,,,,,,,,,,,,,,
,,,,,,,,,,,,,,,,,,,,,,,,,,,,,,,,,
,,,,,,,,,,,,,,,,,,,,,,,,,,,,,,,,,
,,,,,,,,,,,,,,,,,,,,,,,,,,,,,,,,,
,,,,,,,,,,,,,,,,,,,,,,,,,,,,,,,,,
,,,,,,,,,,,,,,,,,,,,,,,,,,,,,,,,,
,,,,,,,,,,,,,,,,,,,,,,,,,,,,,,,,,
,,,,,,,,,,,,,,,,,,,,,,,,,,,,,,,,,
,,,,,,,,,,,,,,,,,,,,,,,,,,,,,,,,,
,,,,,,,,,,,,,,,,,,,,,,,,,,,,,,,,,
,,,,,,,,,,,,,,,,,,,,,,,,,,,,,,,,,
,,,,,,,,,,,,,,,,,,,,,,,,,,,,,,,,,
,,,,,,,,,,,,,,,,,,,,,,,,,,,,,,,,,
,,,,,,,,,,,,,,,,,,,,,,,,,,,,,,,,,
,,,,,,,,,,,,,,,,,,,,,,,,,,,,,,,,,
,,,,,,,,,,,,,,,,,,,,,,,,,,,,,,,,,
,,,,,,,,,,,,,,,,,,,,,,,,,,,,,,,,,
,,,,,,,,,,,,,,,,,,,,,,,,,,,,,,,,,
,,,,,,,,,,,,,,,,,,,,,,,,,,,,,,,,,
,,,,,,,,,,,,,,,,,,,,,,,,,,,,,,,,,
,,,,,,,,,,,,,,,,,,,,,,,,,,,,,,,,,
,,,,,,,,,,,,,,,,,,,,,,,,,,,,,,,,,
,,,,,,,,,,,,,,,,,,,,,,,,,,,,,,,,,
,,,,,,,,,,,,,,,,,,,,,,,,,,,,,,,,,
,,,,,,,,,,,,,,,,,,,,,,,,,,,,,,,,,
,,,,,,,,,,,,,,,,,,,,,,,,,,,,,,,,,
,,,,,,,,,,,,,,,,,,,,,,,,,,,,,,,,,
,,,,,,,,,,,,,,,,,,,,,,,,,,,,,,,,,
,,,,,,,,,,,,,,,,,,,,,,,,,,,,,,,,,
,,,,,,,,,,,,,,,,,,,,,,,,,,,,,,,,,
,,,,,,,,,,,,,,,,,,,,,,,,,,,,,,,,,
,,,,,,,,,,,,,,,,,,,,,,,,,,,,,,,,,
,,,,,,,,,,,,,,,,,,,,,,,,,,,,,,,,,
,,,,,,,,,,,,,,,,,,,,,,,,,,,,,,,,,
,,,,,,,,,,,,,,,,,,,,,,,,,,,,,,,,,
,,,,,,,,,,,,,,,,,,,,,,,,,,,,,,,,,
,,,,,,,,,,,,,,,,,,,,,,,,,,,,,,,,,
,,,,,,,,,,,,,,,,,,,,,,,,,,,,,,,,,
,,,,,,,,,,,,,,,,,,,,,,,,,,,,,,,,,
,,,,,,,,,,,,,,,,,,,,,,,,,,,,,,,,,
,,,,,,,,,,,,,,,,,,,,,,,,,,,,,,,,,
,,,,,,,,,,,,,,,,,,,,,,,,,,,,,,,,,
,,,,,,,,,,,,,,,,,,,,,,,,,,,,,,,,,
,,,,,,,,,,,,,,,,,,,,,,,,,,,,,,,,,
,,,,,,,,,,,,,,,,,,,,,,,,,,,,,,,,,
,,,,,,,,,,,,,,,,,,,,,,,,,,,,,,,,,
,,,,,,,,,,,,,,,,,,,,,,,,,,,,,,,,,
,,,,,,,,,,,,,,,,,,,,,,,,,,,,,,,,,
,,,,,,,,,,,,,,,,,,,,,,,,,,,,,,,,,
,,,,,,,,,,,,,,,,,,,,,,,,,,,,,,,,,
,,,,,,,,,,,,,,,,,,,,,,,,,,,,,,,,,
,,,,,,,,,,,,,,,,,,,,,,,,,,,,,,,,,
,,,,,,,,,,,,,,,,,,,,,,,,,,,,,,,,,
,,,,,,,,,,,,,,,,,,,,,,,,,,,,,,,,,
,,,,,,,,,,,,,,,,,,,,,,,,,,,,,,,,,
,,,,,,,,,,,,,,,,,,,,,,,,,,,,,,,,,
,,,,,,,,,,,,,,,,,,,,,,,,,,,,,,,,,
,,,,,,,,,,,,,,,,,,,,,,,,,,,,,,,,,
,,,,,,,,,,,,,,,,,,,,,,,,,,,,,,,,,
,,,,,,,,,,,,,,,,,,,,,,,,,,,,,,,,,
,,,,,,,,,,,,,,,,,,,,,,,,,,,,,,,,,
,,,,,,,,,,,,,,,,,,,,,,,,,,,,,,,,,
,,,,,,,,,,,,,,,,,,,,,,,,,,,,,,,,,
,,,,,,,,,,,,,,,,,,,,,,,,,,,,,,,,,
,,,,,,,,,,,,,,,,,,,,,,,,,,,,,,,,,
,,,,,,,,,,,,,,,,,,,,,,,,,,,,,,,,,
,,,,,,,,,,,,,,,,,,,,,,,,,,,,,,,,,
,,,,,,,,,,,,,,,,,,,,,,,,,,,,,,,,,
,,,,,,,,,,,,,,,,,,,,,,,,,,,,,,,,,
,,,,,,,,,,,,,,,,,,,,,,,,,,,,,,,,,
,,,,,,,,,,,,,,,,,,,,,,,,,,,,,,,,,
,,,,,,,,,,,,,,,,,,,,,,,,,,,,,,,,,
,,,,,,,,,,,,,,,,,,,,,,,,,,,,,,,,,
,,,,,,,,,,,,,,,,,,,,,,,,,,,,,,,,,
,,,,,,,,,,,,,,,,,,,,,,,,,,,,,,,,,
,,,,,,,,,,,,,,,,,,,,,,,,,,,,,,,,,
,,,,,,,,,,,,,,,,,,,,,,,,,,,,,,,,,
,,,,,,,,,,,,,,,,,,,,,,,,,,,,,,,,,
,,,,,,,,,,,,,,,,,,,,,,,,,,,,,,,,,
,,,,,,,,,,,,,,,,,,,,,,,,,,,,,,,,,
,,,,,,,,,,,,,,,,,,,,,,,,,,,,,,,,,
,,,,,,,,,,,,,,,,,,,,,,,,,,,,,,,,,
,,,,,,,,,,,,,,,,,,,,,,,,,,,,,,,,,
,,,,,,,,,,,,,,,,,,,,,,,,,,,,,,,,,
,,,,,,,,,,,,,,,,,,,,,,,,,,,,,,,,,
,,,,,,,,,,,,,,,,,,,,,,,,,,,,,,,,,
,,,,,,,,,,,,,,,,,,,,,,,,,,,,,,,,,
,,,,,,,,,,,,,,,,,,,,,,,,,,,,,,,,,
,,,,,,,,,,,,,,,,,,,,,,,,,,,,,,,,,
,,,,,,,,,,,,,,,,,,,,,,,,,,,,,,,,,
,,,,,,,,,,,,,,,,,,,,,,,,,,,,,,,,,
,,,,,,,,,,,,,,,,,,,,,,,,,,,,,,,,,
,,,,,,,,,,,,,,,,,,,,,,,,,,,,,,,,,
,,,,,,,,,,,,,,,,,,,,,,,,,,,,,,,,,
,,,,,,,,,,,,,,,,,,,,,,,,,,,,,,,,,
,,,,,,,,,,,,,,,,,,,,,,,,,,,,,,,,,
,,,,,,,,,,,,,,,,,,,,,,,,,,,,,,,,,
,,,,,,,,,,,,,,,,,,,,,,,,,,,,,,,,,
,,,,,,,,,,,,,,,,,,,,,,,,,,,,,,,,,
,,,,,,,,,,,,,,,,,,,,,,,,,,,,,,,,,
,,,,,,,,,,,,,,,,,,,,,,,,,,,,,,,,,
,,,,,,,,,,,,,,,,,,,,,,,,,,,,,,,,,
,,,,,,,,,,,,,,,,,,,,,,,,,,,,,,,,,
,,,,,,,,,,,,,,,,,,,,,,,,,,,,,,,,,
,,,,,,,,,,,,,,,,,,,,,,,,,,,,,,,,,
,,,,,,,,,,,,,,,,,,,,,,,,,,,,,,,,,
,,,,,,,,,,,,,,,,,,,,,,,,,,,,,,,,,
,,,,,,,,,,,,,,,,,,,,,,,,,,,,,,,,,
,,,,,,,,,,,,,,,,,,,,,,,,,,,,,,,,,
,,,,,,,,,,,,,,,,,,,,,,,,,,,,,,,,,
,,,,,,,,,,,,,,,,,,,,,,,,,,,,,,,,,
,,,,,,,,,,,,,,,,,,,,,,,,,,,,,,,,,
,,,,,,,,,,,,,,,,,,,,,,,,,,,,,,,,,
,,,,,,,,,,,,,,,,,,,,,,,,,,,,,,,,,
,,,,,,,,,,,,,,,,,,,,,,,,,,,,,,,,,
,,,,,,,,,,,,,,,,,,,,,,,,,,,,,,,,,
,,,,,,,,,,,,,,,,,,,,,,,,,,,,,,,,,
,,,,,,,,,,,,,,,,,,,,,,,,,,,,,,,,,
,,,,,,,,,,,,,,,,,,,,,,,,,,,,,,,,,
,,,,,,,,,,,,,,,,,,,,,,,,,,,,,,,,,
,,,,,,,,,,,,,,,,,,,,,,,,,,,,,,,,,
,,,,,,,,,,,,,,,,,,,,,,,,,,,,,,,,,
,,,,,,,,,,,,,,,,,,,,,,,,,,,,,,,,,
,,,,,,,,,,,,,,,,,,,,,,,,,,,,,,,,,
,,,,,,,,,,,,,,,,,,,,,,,,,,,,,,,,,
,,,,,,,,,,,,,,,,,,,,,,,,,,,,,,,,,
,,,,,,,,,,,,,,,,,,,,,,,,,,,,,,,,,
,,,,,,,,,,,,,,,,,,,,,,,,,,,,,,,,,
,,,,,,,,,,,,,,,,,,,,,,,,,,,,,,,,,
,,,,,,,,,,,,,,,,,,,,,,,,,,,,,,,,,
,,,,,,,,,,,,,,,,,,,,,,,,,,,,,,,,,
,,,,,,,,,,,,,,,,,,,,,,,,,,,,,,,,,
,,,,,,,,,,,,,,,,,,,,,,,,,,,,,,,,,
,,,,,,,,,,,,,,,,,,,,,,,,,,,,,,,,,
,,,,,,,,,,,,,,,,,,,,,,,,,,,,,,,,,
,,,,,,,,,,,,,,,,,,,,,,,,,,,,,,,,,
,,,,,,,,,,,,,,,,,,,,,,,,,,,,,,,,,
,,,,,,,,,,,,,,,,,,,,,,,,,,,,,,,,,
,,,,,,,,,,,,,,,,,,,,,,,,,,,,,,,,,
,,,,,,,,,,,,,,,,,,,,,,,,,,,,,,,,,
,,,,,,,,,,,,,,,,,,,,,,,,,,,,,,,,,
,,,,,,,,,,,,,,,,,,,,,,,,,,,,,,,,,
,,,,,,,,,,,,,,,,,,,,,,,,,,,,,,,,,
,,,,,,,,,,,,,,,,,,,,,,,,,,,,,,,,,
,,,,,,,,,,,,,,,,,,,,,,,,,,,,,,,,,
,,,,,,,,,,,,,,,,,,,,,,,,,,,,,,,,,
,,,,,,,,,,,,,,,,,,,,,,,,,,,,,,,,,
,,,,,,,,,,,,,,,,,,,,,,,,,,,,,,,,,
,,,,,,,,,,,,,,,,,,,,,,,,,,,,,,,,,
,,,,,,,,,,,,,,,,,,,,,,,,,,,,,,,,,
,,,,,,,,,,,,,,,,,,,,,,,,,,,,,,,,,
,,,,,,,,,,,,,,,,,,,,,,,,,,,,,,,,,
,,,,,,,,,,,,,,,,,,,,,,,,,,,,,,,,,
,,,,,,,,,,,,,,,,,,,,,,,,,,,,,,,,,
,,,,,,,,,,,,,,,,,,,,,,,,,,,,,,,,,
,,,,,,,,,,,,,,,,,,,,,,,,,,,,,,,,,
,,,,,,,,,,,,,,,,,,,,,,,,,,,,,,,,,
,,,,,,,,,,,,,,,,,,,,,,,,,,,,,,,,,
,,,,,,,,,,,,,,,,,,,,,,,,,,,,,,,,,
,,,,,,,,,,,,,,,,,,,,,,,,,,,,,,,,,
,,,,,,,,,,,,,,,,,,,,,,,,,,,,,,,,,
,,,,,,,,,,,,,,,,,,,,,,,,,,,,,,,,,
,,,,,,,,,,,,,,,,,,,,,,,,,,,,,,,,,
,,,,,,,,,,,,,,,,,,,,,,,,,,,,,,,,,
,,,,,,,,,,,,,,,,,,,,,,,,,,,,,,,,,
,,,,,,,,,,,,,,,,,,,,,,,,,,,,,,,,,
,,,,,,,,,,,,,,,,,,,,,,,,,,,,,,,,,
,,,,,,,,,,,,,,,,,,,,,,,,,,,,,,,,,
,,,,,,,,,,,,,,,,,,,,,,,,,,,,,,,,,
,,,,,,,,,,,,,,,,,,,,,,,,,,,,,,,,,
,,,,,,,,,,,,,,,,,,,,,,,,,,,,,,,,,
,,,,,,,,,,,,,,,,,,,,,,,,,,,,,,,,,
,,,,,,,,,,,,,,,,,,,,,,,,,,,,,,,,,
,,,,,,,,,,,,,,,,,,,,,,,,,,,,,,,,,
,,,,,,,,,,,,,,,,,,,,,,,,,,,,,,,,,
,,,,,,,,,,,,,,,,,,,,,,,,,,,,,,,,,
,,,,,,,,,,,,,,,,,,,,,,,,,,,,,,,,,
,,,,,,,,,,,,,,,,,,,,,,,,,,,,,,,,,
,,,,,,,,,,,,,,,,,,,,,,,,,,,,,,,,,
,,,,,,,,,,,,,,,,,,,,,,,,,,,,,,,,,
,,,,,,,,,,,,,,,,,,,,,,,,,,,,,,,,,
,,,,,,,,,,,,,,,,,,,,,,,,,,,,,,,,,
,,,,,,,,,,,,,,,,,,,,,,,,,,,,,,,,,
,,,,,,,,,,,,,,,,,,,,,,,,,,,,,,,,,
,,,,,,,,,,,,,,,,,,,,,,,,,,,,,,,,,
,,,,,,,,,,,,,,,,,,,,,,,,,,,,,,,,,
,,,,,,,,,,,,,,,,,,,,,,,,,,,,,,,,,
,,,,,,,,,,,,,,,,,,,,,,,,,,,,,,,,,
,,,,,,,,,,,,,,,,,,,,,,,,,,,,,,,,,
,,,,,,,,,,,,,,,,,,,,,,,,,,,,,,,,,
,,,,,,,,,,,,,,,,,,,,,,,,,,,,,,,,,
,,,,,,,,,,,,,,,,,,,,,,,,,,,,,,,,,
,,,,,,,,,,,,,,,,,,,,,,,,,,,,,,,,,
,,,,,,,,,,,,,,,,,,,,,,,,,,,,,,,,,
,,,,,,,,,,,,,,,,,,,,,,,,,,,,,,,,,
,,,,,,,,,,,,,,,,,,,,,,,,,,,,,,,,,
,,,,,,,,,,,,,,,,,,,,,,,,,,,,,,,,,
,,,,,,,,,,,,,,,,,,,,,,,,,,,,,,,,,
,,,,,,,,,,,,,,,,,,,,,,,,,,,,,,,,,
,,,,,,,,,,,,,,,,,,,,,,,,,,,,,,,,,
,,,,,,,,,,,,,,,,,,,,,,,,,,,,,,,,,
,,,,,,,,,,,,,,,,,,,,,,,,,,,,,,,,,
,,,,,,,,,,,,,,,,,,,,,,,,,,,,,,,,,
,,,,,,,,,,,,,,,,,,,,,,,,,,,,,,,,,
,,,,,,,,,,,,,,,,,,,,,,,,,,,,,,,,,
,,,,,,,,,,,,,,,,,,,,,,,,,,,,,,,,,
,,,,,,,,,,,,,,,,,,,,,,,,,,,,,,,,,
,,,,,,,,,,,,,,,,,,,,,,,,,,,,,,,,,
,,,,,,,,,,,,,,,,,,,,,,,,,,,,,,,,,
,,,,,,,,,,,,,,,,,,,,,,,,,,,,,,,,,
,,,,,,,,,,,,,,,,,,,,,,,,,,,,,,,,,
,,,,,,,,,,,,,,,,,,,,,,,,,,,,,,,,,
,,,,,,,,,,,,,,,,,,,,,,,,,,,,,,,,,
,,,,,,,,,,,,,,,,,,,,,,,,,,,,,,,,,
,,,,,,,,,,,,,,,,,,,,,,,,,,,,,,,,,
,,,,,,,,,,,,,,,,,,,,,,,,,,,,,,,,,
,,,,,,,,,,,,,,,,,,,,,,,,,,,,,,,,,
,,,,,,,,,,,,,,,,,,,,,,,,,,,,,,,,,
,,,,,,,,,,,,,,,,,,,,,,,,,,,,,,,,,
,,,,,,,,,,,,,,,,,,,,,,,,,,,,,,,,,
,,,,,,,,,,,,,,,,,,,,,,,,,,,,,,,,,
,,,,,,,,,,,,,,,,,,,,,,,,,,,,,,,,,
,,,,,,,,,,,,,,,,,,,,,,,,,,,,,,,,,
,,,,,,,,,,,,,,,,,,,,,,,,,,,,,,,,,
,,,,,,,,,,,,,,,,,,,,,,,,,,,,,,,,,
,,,,,,,,,,,,,,,,,,,,,,,,,,,,,,,,,
,,,,,,,,,,,,,,,,,,,,,,,,,,,,,,,,,
,,,,,,,,,,,,,,,,,,,,,,,,,,,,,,,,,
,,,,,,,,,,,,,,,,,,,,,,,,,,,,,,,,,
,,,,,,,,,,,,,,,,,,,,,,,,,,,,,,,,,
,,,,,,,,,,,,,,,,,,,,,,,,,,,,,,,,,
,,,,,,,,,,,,,,,,,,,,,,,,,,,,,,,,,
,,,,,,,,,,,,,,,,,,,,,,,,,,,,,,,,,
,,,,,,,,,,,,,,,,,,,,,,,,,,,,,,,,,
,,,,,,,,,,,,,,,,,,,,,,,,,,,,,,,,,
,,,,,,,,,,,,,,,,,,,,,,,,,,,,,,,,,
,,,,,,,,,,,,,,,,,,,,,,,,,,,,,,,,,
,,,,,,,,,,,,,,,,,,,,,,,,,,,,,,,,,
,,,,,,,,,,,,,,,,,,,,,,,,,,,,,,,,,
,,,,,,,,,,,,,,,,,,,,,,,,,,,,,,,,,
,,,,,,,,,,,,,,,,,,,,,,,,,,,,,,,,,
,,,,,,,,,,,,,,,,,,,,,,,,,,,,,,,,,
,,,,,,,,,,,,,,,,,,,,,,,,,,,,,,,,,
,,,,,,,,,,,,,,,,,,,,,,,,,,,,,,,,,
,,,,,,,,,,,,,,,,,,,,,,,,,,,,,,,,,
,,,,,,,,,,,,,,,,,,,,,,,,,,,,,,,,,
,,,,,,,,,,,,,,,,,,,,,,,,,,,,,,,,,
,,,,,,,,,,,,,,,,,,,,,,,,,,,,,,,,,
,,,,,,,,,,,,,,,,,,,,,,,,,,,,,,,,,
,,,,,,,,,,,,,,,,,,,,,,,,,,,,,,,,,
,,,,,,,,,,,,,,,,,,,,,,,,,,,,,,,,,
,,,,,,,,,,,,,,,,,,,,,,,,,,,,,,,,,
,,,,,,,,,,,,,,,,,,,,,,,,,,,,,,,,,
,,,,,,,,,,,,,,,,,,,,,,,,,,,,,,,,,
,,,,,,,,,,,,,,,,,,,,,,,,,,,,,,,,,
,,,,,,,,,,,,,,,,,,,,,,,,,,,,,,,,,
,,,,,,,,,,,,,,,,,,,,,,,,,,,,,,,,,
,,,,,,,,,,,,,,,,,,,,,,,,,,,,,,,,,
,,,,,,,,,,,,,,,,,,,,,,,,,,,,,,,,,
,,,,,,,,,,,,,,,,,,,,,,,,,,,,,,,,,
,,,,,,,,,,,,,,,,,,,,,,,,,,,,,,,,,
,,,,,,,,,,,,,,,,,,,,,,,,,,,,,,,,,
,,,,,,,,,,,,,,,,,,,,,,,,,,,,,,,,,
,,,,,,,,,,,,,,,,,,,,,,,,,,,,,,,,,
,,,,,,,,,,,,,,,,,,,,,,,,,,,,,,,,,
,,,,,,,,,,,,,,,,,,,,,,,,,,,,,,,,,
,,,,,,,,,,,,,,,,,,,,,,,,,,,,,,,,,
,,,,,,,,,,,,,,,,,,,,,,,,,,,,,,,,,
,,,,,,,,,,,,,,,,,,,,,,,,,,,,,,,,,
,,,,,,,,,,,,,,,,,,,,,,,,,,,,,,,,,
,,,,,,,,,,,,,,,,,,,,,,,,,,,,,,,,,
,,,,,,,,,,,,,,,,,,,,,,,,,,,,,,,,,
,,,,,,,,,,,,,,,,,,,,,,,,,,,,,,,,,
,,,,,,,,,,,,,,,,,,,,,,,,,,,,,,,,,
,,,,,,,,,,,,,,,,,,,,,,,,,,,,,,,,,
,,,,,,,,,,,,,,,,,,,,,,,,,,,,,,,,,
,,,,,,,,,,,,,,,,,,,,,,,,,,,,,,,,,
,,,,,,,,,,,,,,,,,,,,,,,,,,,,,,,,,
,,,,,,,,,,,,,,,,,,,,,,,,,,,,,,,,,
,,,,,,,,,,,,,,,,,,,,,,,,,,,,,,,,,
,,,,,,,,,,,,,,,,,,,,,,,,,,,,,,,,,
,,,,,,,,,,,,,,,,,,,,,,,,,,,,,,,,,
,,,,,,,,,,,,,,,,,,,,,,,,,,,,,,,,,
,,,,,,,,,,,,,,,,,,,,,,,,,,,,,,,,,
,,,,,,,,,,,,,,,,,,,,,,,,,,,,,,,,,
,,,,,,,,,,,,,,,,,,,,,,,,,,,,,,,,,
,,,,,,,,,,,,,,,,,,,,,,,,,,,,,,,,,
,,,,,,,,,,,,,,,,,,,,,,,,,,,,,,,,,
,,,,,,,,,,,,,,,,,,,,,,,,,,,,,,,,,
,,,,,,,,,,,,,,,,,,,,,,,,,,,,,,,,,
,,,,,,,,,,,,,,,,,,,,,,,,,,,,,,,,,
,,,,,,,,,,,,,,,,,,,,,,,,,,,,,,,,,
,,,,,,,,,,,,,,,,,,,,,,,,,,,,,,,,,
,,,,,,,,,,,,,,,,,,,,,,,,,,,,,,,,,
,,,,,,,,,,,,,,,,,,,,,,,,,,,,,,,,,
,,,,,,,,,,,,,,,,,,,,,,,,,,,,,,,,,
,,,,,,,,,,,,,,,,,,,,,,,,,,,,,,,,,
,,,,,,,,,,,,,,,,,,,,,,,,,,,,,,,,,
,,,,,,,,,,,,,,,,,,,,,,,,,,,,,,,,,
,,,,,,,,,,,,,,,,,,,,,,,,,,,,,,,,,
,,,,,,,,,,,,,,,,,,,,,,,,,,,,,,,,,
,,,,,,,,,,,,,,,,,,,,,,,,,,,,,,,,,
,,,,,,,,,,,,,,,,,,,,,,,,,,,,,,,,,
,,,,,,,,,,,,,,,,,,,,,,,,,,,,,,,,,
,,,,,,,,,,,,,,,,,,,,,,,,,,,,,,,,,
,,,,,,,,,,,,,,,,,,,,,,,,,,,,,,,,,
,,,,,,,,,,,,,,,,,,,,,,,,,,,,,,,,,
,,,,,,,,,,,,,,,,,,,,,,,,,,,,,,,,,
,,,,,,,,,,,,,,,,,,,,,,,,,,,,,,,,,
,,,,,,,,,,,,,,,,,,,,,,,,,,,,,,,,,
,,,,,,,,,,,,,,,,,,,,,,,,,,,,,,,,,
,,,,,,,,,,,,,,,,,,,,,,,,,,,,,,,,,
,,,,,,,,,,,,,,,,,,,,,,,,,,,,,,,,,
,,,,,,,,,,,,,,,,,,,,,,,,,,,,,,,,,
,,,,,,,,,,,,,,,,,,,,,,,,,,,,,,,,,
,,,,,,,,,,,,,,,,,,,,,,,,,,,,,,,,,
,,,,,,,,,,,,,,,,,,,,,,,,,,,,,,,,,
,,,,,,,,,,,,,,,,,,,,,,,,,,,,,,,,,
,,,,,,,,,,,,,,,,,,,,,,,,,,,,,,,,,
,,,,,,,,,,,,,,,,,,,,,,,,,,,,,,,,,
,,,,,,,,,,,,,,,,,,,,,,,,,,,,,,,,,
,,,,,,,,,,,,,,,,,,,,,,,,,,,,,,,,,
,,,,,,,,,,,,,,,,,,,,,,,,,,,,,,,,,
,,,,,,,,,,,,,,,,,,,,,,,,,,,,,,,,,
,,,,,,,,,,,,,,,,,,,,,,,,,,,,,,,,,
,,,,,,,,,,,,,,,,,,,,,,,,,,,,,,,,,
,,,,,,,,,,,,,,,,,,,,,,,,,,,,,,,,,
,,,,,,,,,,,,,,,,,,,,,,,,,,,,,,,,,
,,,,,,,,,,,,,,,,,,,,,,,,,,,,,,,,,
,,,,,,,,,,,,,,,,,,,,,,,,,,,,,,,,,
,,,,,,,,,,,,,,,,,,,,,,,,,,,,,,,,,
,,,,,,,,,,,,,,,,,,,,,,,,,,,,,,,,,
,,,,,,,,,,,,,,,,,,,,,,,,,,,,,,,,,
,,,,,,,,,,,,,,,,,,,,,,,,,,,,,,,,,
,,,,,,,,,,,,,,,,,,,,,,,,,,,,,,,,,
,,,,,,,,,,,,,,,,,,,,,,,,,,,,,,,,,
,,,,,,,,,,,,,,,,,,,,,,,,,,,,,,,,,
,,,,,,,,,,,,,,,,,,,,,,,,,,,,,,,,,
,,,,,,,,,,,,,,,,,,,,,,,,,,,,,,,,,
,,,,,,,,,,,,,,,,,,,,,,,,,,,,,,,,,
,,,,,,,,,,,,,,,,,,,,,,,,,,,,,,,,,
,,,,,,,,,,,,,,,,,,,,,,,,,,,,,,,,,
,,,,,,,,,,,,,,,,,,,,,,,,,,,,,,,,,
,,,,,,,,,,,,,,,,,,,,,,,,,,,,,,,,,
,,,,,,,,,,,,,,,,,,,,,,,,,,,,,,,,,
,,,,,,,,,,,,,,,,,,,,,,,,,,,,,,,,,
,,,,,,,,,,,,,,,,,,,,,,,,,,,,,,,,,
,,,,,,,,,,,,,,,,,,,,,,,,,,,,,,,,,
,,,,,,,,,,,,,,,,,,,,,,,,,,,,,,,,,
,,,,,,,,,,,,,,,,,,,,,,,,,,,,,,,,,
,,,,,,,,,,,,,,,,,,,,,,,,,,,,,,,,,
,,,,,,,,,,,,,,,,,,,,,,,,,,,,,,,,,
,,,,,,,,,,,,,,,,,,,,,,,,,,,,,,,,,
,,,,,,,,,,,,,,,,,,,,,,,,,,,,,,,,,
,,,,,,,,,,,,,,,,,,,,,,,,,,,,,,,,,
,,,,,,,,,,,,,,,,,,,,,,,,,,,,,,,,,
,,,,,,,,,,,,,,,,,,,,,,,,,,,,,,,,,
,,,,,,,,,,,,,,,,,,,,,,,,,,,,,,,,,
,,,,,,,,,,,,,,,,,,,,,,,,,,,,,,,,,
,,,,,,,,,,,,,,,,,,,,,,,,,,,,,,,,,
,,,,,,,,,,,,,,,,,,,,,,,,,,,,,,,,,
,,,,,,,,,,,,,,,,,,,,,,,,,,,,,,,,,
,,,,,,,,,,,,,,,,,,,,,,,,,,,,,,,,,
,,,,,,,,,,,,,,,,,,,,,,,,,,,,,,,,,
,,,,,,,,,,,,,,,,,,,,,,,,,,,,,,,,,
,,,,,,,,,,,,,,,,,,,,,,,,,,,,,,,,,
,,,,,,,,,,,,,,,,,,,,,,,,,,,,,,,,,
,,,,,,,,,,,,,,,,,,,,,,,,,,,,,,,,,
,,,,,,,,,,,,,,,,,,,,,,,,,,,,,,,,,
,,,,,,,,,,,,,,,,,,,,,,,,,,,,,,,,,
,,,,,,,,,,,,,,,,,,,,,,,,,,,,,,,,,
,,,,,,,,,,,,,,,,,,,,,,,,,,,,,,,,,
,,,,,,,,,,,,,,,,,,,,,,,,,,,,,,,,,
,,,,,,,,,,,,,,,,,,,,,,,,,,,,,,,,,
,,,,,,,,,,,,,,,,,,,,,,,,,,,,,,,,,
,,,,,,,,,,,,,,,,,,,,,,,,,,,,,,,,,
,,,,,,,,,,,,,,,,,,,,,,,,,,,,,,,,,
,,,,,,,,,,,,,,,,,,,,,,,,,,,,,,,,,
,,,,,,,,,,,,,,,,,,,,,,,,,,,,,,,,,
,,,,,,,,,,,,,,,,,,,,,,,,,,,,,,,,,
,,,,,,,,,,,,,,,,,,,,,,,,,,,,,,,,,
,,,,,,,,,,,,,,,,,,,,,,,,,,,,,,,,,
,,,,,,,,,,,,,,,,,,,,,,,,,,,,,,,,,
,,,,,,,,,,,,,,,,,,,,,,,,,,,,,,,,,
,,,,,,,,,,,,,,,,,,,,,,,,,,,,,,,,,
,,,,,,,,,,,,,,,,,,,,,,,,,,,,,,,,,
,,,,,,,,,,,,,,,,,,,,,,,,,,,,,,,,,
,,,,,,,,,,,,,,,,,,,,,,,,,,,,,,,,,
,,,,,,,,,,,,,,,,,,,,,,,,,,,,,,,,,
,,,,,,,,,,,,,,,,,,,,,,,,,,,,,,,,,
,,,,,,,,,,,,,,,,,,,,,,,,,,,,,,,,,
,,,,,,,,,,,,,,,,,,,,,,,,,,,,,,,,,
,,,,,,,,,,,,,,,,,,,,,,,,,,,,,,,,,
,,,,,,,,,,,,,,,,,,,,,,,,,,,,,,,,,
,,,,,,,,,,,,,,,,,,,,,,,,,,,,,,,,,
,,,,,,,,,,,,,,,,,,,,,,,,,,,,,,,,,
,,,,,,,,,,,,,,,,,,,,,,,,,,,,,,,,,
,,,,,,,,,,,,,,,,,,,,,,,,,,,,,,,,,
,,,,,,,,,,,,,,,,,,,,,,,,,,,,,,,,,
,,,,,,,,,,,,,,,,,,,,,,,,,,,,,,,,,
,,,,,,,,,,,,,,,,,,,,,,,,,,,,,,,,,
,,,,,,,,,,,,,,,,,,,,,,,,,,,,,,,,,
,,,,,,,,,,,,,,,,,,,,,,,,,,,,,,,,,
,,,,,,,,,,,,,,,,,,,,,,,,,,,,,,,,,
,,,,,,,,,,,,,,,,,,,,,,,,,,,,,,,,,
,,,,,,,,,,,,,,,,,,,,,,,,,,,,,,,,,
,,,,,,,,,,,,,,,,,,,,,,,,,,,,,,,,,
,,,,,,,,,,,,,,,,,,,,,,,,,,,,,,,,,
,,,,,,,,,,,,,,,,,,,,,,,,,,,,,,,,,
,,,,,,,,,,,,,,,,,,,,,,,,,,,,,,,,,
,,,,,,,,,,,,,,,,,,,,,,,,,,,,,,,,,
,,,,,,,,,,,,,,,,,,,,,,,,,,,,,,,,,
,,,,,,,,,,,,,,,,,,,,,,,,,,,,,,,,,
,,,,,,,,,,,,,,,,,,,,,,,,,,,,,,,,,
,,,,,,,,,,,,,,,,,,,,,,,,,,,,,,,,,
,,,,,,,,,,,,,,,,,,,,,,,,,,,,,,,,,
,,,,,,,,,,,,,,,,,,,,,,,,,,,,,,,,,
,,,,,,,,,,,,,,,,,,,,,,,,,,,,,,,,,
,,,,,,,,,,,,,,,,,,,,,,,,,,,,,,,,,
,,,,,,,,,,,,,,,,,,,,,,,,,,,,,,,,,
,,,,,,,,,,,,,,,,,,,,,,,,,,,,,,,,,
,,,,,,,,,,,,,,,,,,,,,,,,,,,,,,,,,
,,,,,,,,,,,,,,,,,,,,,,,,,,,,,,,,,
,,,,,,,,,,,,,,,,,,,,,,,,,,,,,,,,,
,,,,,,,,,,,,,,,,,,,,,,,,,,,,,,,,,
,,,,,,,,,,,,,,,,,,,,,,,,,,,,,,,,,
,,,,,,,,,,,,,,,,,,,,,,,,,,,,,,,,,
,,,,,,,,,,,,,,,,,,,,,,,,,,,,,,,,,
,,,,,,,,,,,,,,,,,,,,,,,,,,,,,,,,,
,,,,,,,,,,,,,,,,,,,,,,,,,,,,,,,,,
,,,,,,,,,,,,,,,,,,,,,,,,,,,,,,,,,
,,,,,,,,,,,,,,,,,,,,,,,,,,,,,,,,,
,,,,,,,,,,,,,,,,,,,,,,,,,,,,,,,,,
,,,,,,,,,,,,,,,,,,,,,,,,,,,,,,,,,
,,,,,,,,,,,,,,,,,,,,,,,,,,,,,,,,,
,,,,,,,,,,,,,,,,,,,,,,,,,,,,,,,,,
,,,,,,,,,,,,,,,,,,,,,,,,,,,,,,,,,
,,,,,,,,,,,,,,,,,,,,,,,,,,,,,,,,,
,,,,,,,,,,,,,,,,,,,,,,,,,,,,,,,,,
,,,,,,,,,,,,,,,,,,,,,,,,,,,,,,,,,
,,,,,,,,,,,,,,,,,,,,,,,,,,,,,,,,,
,,,,,,,,,,,,,,,,,,,,,,,,,,,,,,,,,
,,,,,,,,,,,,,,,,,,,,,,,,,,,,,,,,,
,,,,,,,,,,,,,,,,,,,,,,,,,,,,,,,,,
,,,,,,,,,,,,,,,,,,,,,,,,,,,,,,,,,
,,,,,,,,,,,,,,,,,,,,,,,,,,,,,,,,,
,,,,,,,,,,,,,,,,,,,,,,,,,,,,,,,,,
,,,,,,,,,,,,,,,,,,,,,,,,,,,,,,,,,
,,,,,,,,,,,,,,,,,,,,,,,,,,,,,,,,,
,,,,,,,,,,,,,,,,,,,,,,,,,,,,,,,,,
,,,,,,,,,,,,,,,,,,,,,,,,,,,,,,,,,
,,,,,,,,,,,,,,,,,,,,,,,,,,,,,,,,,
,,,,,,,,,,,,,,,,,,,,,,,,,,,,,,,,,
,,,,,,,,,,,,,,,,,,,,,,,,,,,,,,,,,
,,,,,,,,,,,,,,,,,,,,,,,,,,,,,,,,,
,,,,,,,,,,,,,,,,,,,,,,,,,,,,,,,,,
,,,,,,,,,,,,,,,,,,,,,,,,,,,,,,,,,
,,,,,,,,,,,,,,,,,,,,,,,,,,,,,,,,,
,,,,,,,,,,,,,,,,,,,,,,,,,,,,,,,,,
,,,,,,,,,,,,,,,,,,,,,,,,,,,,,,,,,
,,,,,,,,,,,,,,,,,,,,,,,,,,,,,,,,,
,,,,,,,,,,,,,,,,,,,,,,,,,,,,,,,,,
,,,,,,,,,,,,,,,,,,,,,,,,,,,,,,,,,
,,,,,,,,,,,,,,,,,,,,,,,,,,,,,,,,,
,,,,,,,,,,,,,,,,,,,,,,,,,,,,,,,,,
,,,,,,,,,,,,,,,,,,,,,,,,,,,,,,,,,
,,,,,,,,,,,,,,,,,,,,,,,,,,,,,,,,,
,,,,,,,,,,,,,,,,,,,,,,,,,,,,,,,,,
,,,,,,,,,,,,,,,,,,,,,,,,,,,,,,,,,
,,,,,,,,,,,,,,,,,,,,,,,,,,,,,,,,,
,,,,,,,,,,,,,,,,,,,,,,,,,,,,,,,,,
,,,,,,,,,,,,,,,,,,,,,,,,,,,,,,,,,
,,,,,,,,,,,,,,,,,,,,,,,,,,,,,,,,,
,,,,,,,,,,,,,,,,,,,,,,,,,,,,,,,,,
,,,,,,,,,,,,,,,,,,,,,,,,,,,,,,,,,
,,,,,,,,,,,,,,,,,,,,,,,,,,,,,,,,,
,,,,,,,,,,,,,,,,,,,,,,,,,,,,,,,,,
,,,,,,,,,,,,,,,,,,,,,,,,,,,,,,,,,
,,,,,,,,,,,,,,,,,,,,,,,,,,,,,,,,,
,,,,,,,,,,,,,,,,,,,,,,,,,,,,,,,,,
,,,,,,,,,,,,,,,,,,,,,,,,,,,,,,,,,
,,,,,,,,,,,,,,,,,,,,,,,,,,,,,,,,,
,,,,,,,,,,,,,,,,,,,,,,,,,,,,,,,,,
,,,,,,,,,,,,,,,,,,,,,,,,,,,,,,,,,
,,,,,,,,,,,,,,,,,,,,,,,,,,,,,,,,,
,,,,,,,,,,,,,,,,,,,,,,,,,,,,,,,,,
,,,,,,,,,,,,,,,,,,,,,,,,,,,,,,,,,
,,,,,,,,,,,,,,,,,,,,,,,,,,,,,,,,,
,,,,,,,,,,,,,,,,,,,,,,,,,,,,,,,,,
,,,,,,,,,,,,,,,,,,,,,,,,,,,,,,,,,
,,,,,,,,,,,,,,,,,,,,,,,,,,,,,,,,,
,,,,,,,,,,,,,,,,,,,,,,,,,,,,,,,,,
,,,,,,,,,,,,,,,,,,,,,,,,,,,,,,,,,
,,,,,,,,,,,,,,,,,,,,,,,,,,,,,,,,,
,,,,,,,,,,,,,,,,,,,,,,,,,,,,,,,,,
,,,,,,,,,,,,,,,,,,,,,,,,,,,,,,,,,
,,,,,,,,,,,,,,,,,,,,,,,,,,,,,,,,,
,,,,,,,,,,,,,,,,,,,,,,,,,,,,,,,,,
,,,,,,,,,,,,,,,,,,,,,,,,,,,,,,,,,
,,,,,,,,,,,,,,,,,,,,,,,,,,,,,,,,,
